ProductID,ProductName,ProductGroupID,Description,SupplierID,price,Cost,StockQuantity,DateAdded,Manufacturer,ProductRating,ReorderLevel
1,Cookie - Oatmeal,92,Lorem kgdshfgds,60,8961.5,4963.0,32,2023-08-20,Fatz,3,9
2,Pastry - Carrot Muffin - Mini,27,Lorem kgdshfgds,79,9215.6,3783.0,42,2023-12-19,Vimbo,2,7
3,"Lamb - Racks, Frenched",67,Lorem kgdshfgds,67,6024.0,3792.0,80,2023-07-02,Meevee,3,3
10,Yogurt - Plain,74,Lorem kgdshfgds,71,2568.0,587.0,74,2023-02-23,Zoovu,3,5
11,Salmon - Sockeye Raw,46,Lorem kgdshfgds,74,2216.0,3172.0,71,2022-06-02,Zava,2,8
12,Salmon Steak - Cohoe 8 Oz,15,Lorem kgdshfgds,7,8001.0,4215.0,15,2023-04-30,Topicshots,2,5
15,"Tart Shells - Savory, 2",13,Lorem kgdshfgds,95,2783.6,907.0,65,2023-05-30,Voolia,1,1
16,Muffin Batt - Blueberry Passion,70,Lorem kgdshfgds,66,5224.9,1797.0,100,2023-09-06,Brainbox,1,1
17,Maple Syrup,82,Lorem kgdshfgds,11,8120.0,2620.0,89,2023-01-18,Buzzster,4,1
18,Beer - Blue,14,Lorem kgdshfgds,90,3418.4,927.0,6,2022-11-17,Trunyx,5,7
19,Corn Syrup,24,Lorem kgdshfgds,37,5870.9,3741.0,93,2022-09-12,Photobean,3,7
20,Tea - Herbal - 6 Asst,59,Lorem kgdshfgds,28,7471.0,1177.0,55,2023-03-08,Realbuzz,4,6
21,Venison - Striploin,18,Lorem kgdshfgds,48,8190.5,4477.0,70,2023-06-11,Demimbu,1,2
22,Basil - Thai,24,Lorem kgdshfgds,69,9187.9,3530.0,16,2023-04-29,Geba,5,4
23,"Wine - White, Riesling, Semi - Dry",90,Lorem kgdshfgds,8,9022.4,4683.0,64,2022-07-17,Twimm,4,6
24,Kellogs Cereal In A Cup,46,Lorem kgdshfgds,43,5700.7,4142.0,43,2022-12-25,Katz,2,8
25,Banana,10,Lorem kgdshfgds,57,8381.6,2632.0,10,2023-03-18,Yacero,3,2
26,Steel Wool,87,Lorem kgdshfgds,2,2352.3,4432.0,83,2022-10-23,Dynava,3,5
27,Beer - True North Lager,8,Lorem kgdshfgds,20,6197.7,3304.0,60,2023-03-25,Browsezoom,4,1
28,V8 Pet,1,Lorem kgdshfgds,59,1938.0,760.0,22,2023-03-17,Leenti,4,5
29,Bread - Raisin Walnut Oval,39,Lorem kgdshfgds,7,4307.0,749.0,57,2023-09-16,Browsedrive,2,7
30,Peas Snow,13,Lorem kgdshfgds,26,3447.3,1197.0,1,2023-02-28,Linkbuzz,4,5
31,Carrots - Jumbo,97,Lorem kgdshfgds,93,5135.1,1826.0,74,2023-04-29,Edgeify,3,2
32,Table Cloth 54x54 White,56,Lorem kgdshfgds,48,6764.4,3819.0,78,2023-07-09,Nlounge,4,6
33,Tuna - Fresh,57,Lorem kgdshfgds,95,7168.4,2227.0,100,2023-09-01,Topicware,1,6
34,Beef - Montreal Smoked Brisket,67,Lorem kgdshfgds,64,2189.4,2555.0,69,2023-02-26,Skyble,5,9
35,Dragon Fruit,1,Lorem kgdshfgds,57,5328.6,4253.0,92,2022-05-19,Feedmix,3,4
36,Banana,74,Lorem kgdshfgds,46,1516.0,1138.0,93,2023-05-30,Realcube,1,2
37,Wood Chips - Regular,28,Lorem kgdshfgds,56,5109.9,3290.0,61,2022-04-26,Thoughtstorm,2,6
38,Goulash Seasoning,41,Lorem kgdshfgds,27,5665.2,2948.0,89,2022-04-13,Centizu,5,10
39,Onions - White,22,Lorem kgdshfgds,5,7789.6,4873.0,33,2023-06-05,Yodo,2,1
40,"Wine - Red, Wolf Blass, Yellow",26,Lorem kgdshfgds,5,7980.7,1792.0,90,2022-01-31,Dabshots,1,4
41,Wine - Peller Estates Late,4,Lorem kgdshfgds,92,5993.6,2439.0,71,2023-11-16,Feednation,5,10
42,French Pastries,54,Lorem kgdshfgds,98,6513.3,1186.0,93,2022-03-02,Skyble,5,6
43,Milk - Condensed,58,Lorem kgdshfgds,26,7876.3,3571.0,34,2023-07-09,Ainyx,2,4
44,Potatoes - Parissienne,60,Lorem kgdshfgds,6,2695.5,3008.0,57,2023-07-31,Centidel,4,6
45,Broom - Angled,92,Lorem kgdshfgds,81,2142.5,2618.0,87,2022-12-19,Fanoodle,1,2
46,Wine - Delicato Merlot,86,Lorem kgdshfgds,35,5096.0,1129.0,41,2023-07-09,Quimba,2,10
47,Pork - Smoked Kassler,30,Lorem kgdshfgds,59,8302.9,4812.0,38,2023-10-25,Wikizz,2,10
48,Chicken Breast Wing On,60,Lorem kgdshfgds,90,6165.0,2392.0,57,2023-12-12,Oyoba,4,9
49,"Lamb - Leg, Bone In",68,Lorem kgdshfgds,54,7816.2,2004.0,86,2023-03-08,Linktype,5,4
50,Beef - Kobe Striploin,32,Lorem kgdshfgds,65,3389.4,1567.0,97,2022-03-02,Browsecat,1,4
51,Pimento - Canned,57,Lorem kgdshfgds,67,6282.6,4373.0,66,2022-12-31,Browsebug,1,7
52,"Mushrooms - Black, Dried",67,Lorem kgdshfgds,40,7137.9,3422.0,22,2022-12-15,Demizz,4,2
53,Paper Towel Touchless,5,Lorem kgdshfgds,14,7659.7,1573.0,68,2023-06-23,Bluezoom,2,9
54,Flower - Dish Garden,23,Lorem kgdshfgds,60,2769.7,3352.0,3,2023-08-23,Thoughtstorm,3,1
55,Wine - Touraine Azay - Le - Rideau,54,Lorem kgdshfgds,64,1984.9,3188.0,79,2023-01-16,Quatz,4,10
56,Lettuce - Radicchio,41,Lorem kgdshfgds,57,6187.0,2749.0,13,2022-09-17,Riffwire,2,5
57,"Tea - Darjeeling, Azzura",80,Lorem kgdshfgds,74,3094.5,4845.0,22,2022-10-11,Realbridge,4,1
58,Bread - Raisin Walnut Oval,67,Lorem kgdshfgds,85,1436.1,2651.0,61,2023-12-28,Flashspan,1,4
59,Beer - Original Organic Lager,2,Lorem kgdshfgds,76,2402.4,4930.0,32,2022-06-11,Bluejam,2,6
60,"Bread - Roll, Canadian Dinner",82,Lorem kgdshfgds,60,8055.5,3639.0,16,2023-07-19,Realcube,4,2
61,Pork - Bacon Cooked Slcd,18,Lorem kgdshfgds,39,3372.2,1515.0,86,2022-11-09,Fadeo,1,5
62,Port - 74 Brights,15,Lorem kgdshfgds,80,7751.7,696.0,43,2023-11-18,Skyvu,5,9
63,"Cheese - Brie,danish",80,Lorem kgdshfgds,70,6090.1,1354.0,78,2023-03-31,Voonte,4,9
64,Bagel - Everything Presliced,42,Lorem kgdshfgds,61,4181.7,2006.0,2,2023-09-27,Yabox,5,2
65,Beer - Sleeman Fine Porter,73,Lorem kgdshfgds,39,7941.1,2626.0,34,2023-07-08,Brainbox,2,4
66,Oil - Grapeseed Oil,11,Lorem kgdshfgds,7,6262.0,4796.0,56,2022-08-20,Snaptags,3,7
67,Sauce - Salsa,41,Lorem kgdshfgds,35,4866.6,4017.0,84,2023-09-18,Skilith,4,1
68,"Olives - Green, Pitted",17,Lorem kgdshfgds,65,3397.3,3774.0,33,2022-07-24,Fanoodle,2,9
69,Mix - Cocktail Strawberry Daiquiri,10,Lorem kgdshfgds,16,1666.0,3996.0,81,2022-04-29,Quaxo,5,8
70,Lid Tray - 16in Dome,52,Lorem kgdshfgds,6,3605.8,2980.0,14,2022-05-14,Skimia,4,6
71,Lemon Balm - Fresh,9,Lorem kgdshfgds,66,1896.0,1749.0,80,2023-09-20,Rooxo,4,6
72,Lettuce - Boston Bib - Organic,49,Lorem kgdshfgds,91,9303.7,3044.0,66,2022-01-19,Wordtune,1,4
73,Eggplant - Asian,83,Lorem kgdshfgds,24,8956.1,2332.0,30,2022-09-09,Yamia,1,5
74,"Cheese - Cheddar, Old White",49,Lorem kgdshfgds,28,9737.2,3104.0,7,2023-07-19,Voonyx,4,10
75,Lobster - Live,63,Lorem kgdshfgds,64,7358.5,3521.0,61,2022-06-04,Mudo,1,3
76,"Lemonade - Mandarin, 591 Ml",15,Lorem kgdshfgds,34,2656.3,657.0,96,2023-06-12,Yodo,4,3
77,Tomatoes Tear Drop,52,Lorem kgdshfgds,17,5809.4,4468.0,50,2022-07-19,Twimbo,1,4
78,Chocolate Bar - Coffee Crisp,60,Lorem kgdshfgds,59,2493.8,519.0,31,2023-12-22,Oozz,1,5
79,Steel Wool S.o.s,83,Lorem kgdshfgds,49,9581.3,4446.0,34,2022-08-06,Yakijo,3,10
80,"Wine - Red, Metus Rose",5,Lorem kgdshfgds,91,7664.3,4147.0,83,2022-01-31,Browsebug,2,3
81,"Pasta - Rotini, Dry",43,Lorem kgdshfgds,39,6424.1,4229.0,63,2023-09-02,Vinte,3,8
82,Pastrami,39,Lorem kgdshfgds,70,2434.9,2023.0,62,2023-09-16,Feedbug,2,6
83,Squash - Guords,27,Lorem kgdshfgds,35,3061.3,2025.0,37,2023-09-24,Eimbee,5,3
84,Napkin Colour,3,Lorem kgdshfgds,31,6279.3,1750.0,79,2022-05-24,Brightdog,5,10
85,Goat - Whole Cut,51,Lorem kgdshfgds,13,3060.3,4389.0,30,2023-10-03,Aivee,1,7
86,"Lamb - Whole, Fresh",27,Lorem kgdshfgds,91,5053.6,3160.0,25,2023-04-03,Ozu,5,8
87,"Sparkling Wine - Rose, Freixenet",39,Lorem kgdshfgds,93,9308.8,3449.0,48,2023-09-21,Skivee,2,2
88,Pepper - Scotch Bonnet,47,Lorem kgdshfgds,19,3717.3,1533.0,100,2022-07-22,Thoughtstorm,5,2
89,"Wine - Red, Harrow Estates, Cab",27,Lorem kgdshfgds,3,5441.7,4997.0,89,2022-03-29,Trilith,5,10
90,"Pork - Butt, Boneless",45,Lorem kgdshfgds,26,5762.9,1521.0,84,2022-07-17,Youfeed,3,1
91,"Beans - Kidney, Red Dry",65,Lorem kgdshfgds,55,4500.2,3105.0,65,2023-07-19,Eidel,4,7
92,V8 Splash Strawberry Banana,29,Lorem kgdshfgds,53,5523.4,4718.0,30,2022-05-07,Meevee,5,6
93,Turnip - Mini,91,Lorem kgdshfgds,22,2815.9,543.0,7,2022-09-13,Wikibox,1,10
94,"Wine - White, Ej Gallo",45,Lorem kgdshfgds,56,5515.5,1932.0,94,2023-12-08,Meetz,2,10
95,"Wine - Red, Pelee Island Merlot",75,Lorem kgdshfgds,55,2171.0,918.0,32,2022-04-12,Dabvine,5,1
96,Beef - Cow Feet Split,1,Lorem kgdshfgds,16,2085.5,2206.0,69,2023-11-19,Roomm,3,8
97,"Mushroom - Trumpet, Dry",21,Lorem kgdshfgds,75,9089.5,1070.0,66,2022-11-08,Aibox,3,1
98,Vodka - Moskovskaya,82,Lorem kgdshfgds,51,6797.9,1641.0,31,2022-05-30,Mycat,2,7
99,Pie Filling - Cherry,33,Lorem kgdshfgds,96,6600.7,548.0,10,2022-03-02,Oyoloo,3,8
100,Wine - Merlot Vina Carmen,66,Lorem kgdshfgds,62,5982.4,4668.0,20,2022-01-17,Eimbee,4,10
101,Country Roll,14,Lorem kgdshfgds,27,9792.4,1200.0,54,2023-10-03,Yadel,5,10
102,Star Fruit,30,Lorem kgdshfgds,8,6978.5,1379.0,72,2023-09-19,Wikizz,1,7
103,Extract - Rum,23,Lorem kgdshfgds,99,3851.7,3282.0,98,2022-02-10,Yadel,5,5
104,Pear - Prickly,26,Lorem kgdshfgds,97,4351.2,4392.0,66,2023-04-11,Ailane,3,1
105,Peach - Halves,83,Lorem kgdshfgds,87,1027.8,1910.0,93,2022-10-15,Voonte,2,8
106,Onions - Vidalia,12,Lorem kgdshfgds,75,7540.5,2647.0,35,2023-03-12,Fliptune,4,3
107,"Pepsi, 355 Ml",68,Lorem kgdshfgds,53,8852.5,4342.0,65,2023-01-01,Quamba,2,6
108,"Split Peas - Green, Dry",42,Lorem kgdshfgds,3,9167.4,757.0,31,2023-05-16,Meejo,2,6
109,"Jam - Blackberry, 20 Ml Jar",45,Lorem kgdshfgds,62,5782.5,901.0,85,2022-05-07,Buzzbean,2,6
110,Sprouts - Peppercress,47,Lorem kgdshfgds,40,5752.5,3992.0,57,2023-10-08,Jazzy,4,8
111,Pork - Ham Hocks - Smoked,42,Lorem kgdshfgds,29,4003.2,3764.0,37,2022-10-23,Oyondu,5,3
112,Pastry - Apple Large,39,Lorem kgdshfgds,85,5796.5,4869.0,27,2022-05-25,Dabfeed,1,8
113,Bread - Rye,41,Lorem kgdshfgds,21,1249.7,1374.0,85,2022-08-31,Jayo,5,7
114,Skewers - Bamboo,15,Lorem kgdshfgds,37,1580.6,4549.0,49,2023-06-15,Dabjam,3,2
115,"Pasta - Penne, Rigate, Dry",8,Lorem kgdshfgds,42,2377.6,1793.0,62,2023-03-07,Kazu,4,5
116,Chicken - Soup Base,98,Lorem kgdshfgds,65,4611.4,2551.0,63,2022-03-16,Midel,1,3
117,Wine - Alsace Riesling Reserve,82,Lorem kgdshfgds,62,1732.1,2812.0,40,2022-01-09,Blogtags,2,10
118,Squid Ink,100,Lorem kgdshfgds,2,2444.8,4412.0,16,2022-08-25,Skiptube,5,7
119,Gatorade - Fruit Punch,63,Lorem kgdshfgds,19,9198.2,583.0,14,2023-12-30,Jamia,3,5
120,Tuna - Yellowfin,49,Lorem kgdshfgds,95,9232.0,872.0,66,2023-07-18,Gigazoom,2,8
121,Cookie Dough - Peanut Butter,34,Lorem kgdshfgds,80,5838.0,3369.0,8,2023-09-17,Innotype,4,6
122,Juice - Lagoon Mango,26,Lorem kgdshfgds,1,7351.6,4498.0,60,2023-06-05,Mynte,1,3
123,Lettuce - Boston Bib - Organic,9,Lorem kgdshfgds,62,7147.9,3003.0,72,2022-07-27,Brainverse,5,10
124,Fireball Whisky,14,Lorem kgdshfgds,46,5681.1,3268.0,58,2022-06-19,Jaxworks,4,4
125,Beets,56,Lorem kgdshfgds,37,5669.8,3472.0,87,2022-08-20,Linkbuzz,2,10
126,Lamb - Ground,15,Lorem kgdshfgds,99,1612.9,1346.0,43,2022-12-02,Livefish,4,6
127,Nut - Pumpkin Seeds,68,Lorem kgdshfgds,62,8631.5,2652.0,21,2023-03-11,Plajo,4,10
128,Flour - All Purpose,79,Lorem kgdshfgds,12,3118.4,1436.0,61,2022-09-29,Shufflester,5,1
129,Yogurt - Assorted Pack,14,Lorem kgdshfgds,26,6229.4,3073.0,84,2023-04-06,Brainbox,2,6
130,Energy - Boo - Koo,84,Lorem kgdshfgds,77,2996.0,3591.0,11,2023-11-16,Digitube,4,6
131,Food Colouring - Blue,3,Lorem kgdshfgds,77,5686.4,4107.0,53,2023-09-23,Izio,5,3
132,Wine - Acient Coast Caberne,83,Lorem kgdshfgds,64,9951.9,3547.0,2,2023-08-28,Blogspan,4,10
133,Mints - Striped Red,90,Lorem kgdshfgds,7,8375.6,1955.0,27,2022-01-31,Skyndu,1,6
134,Soup Campbells Mexicali Tortilla,77,Lorem kgdshfgds,71,6285.9,2755.0,7,2022-06-17,Zava,4,3
135,Beef - Ground Lean Fresh,26,Lorem kgdshfgds,26,8383.7,1989.0,29,2022-12-07,Agimba,2,7
136,Mushroom - Morel Frozen,51,Lorem kgdshfgds,56,8448.8,2333.0,80,2022-01-06,Oyonder,1,2
137,Gelatine Powder,70,Lorem kgdshfgds,48,8011.9,1087.0,26,2023-01-04,Realbridge,4,6
138,"Lentils - Green, Dry",29,Lorem kgdshfgds,81,7699.0,1560.0,87,2023-10-23,Youbridge,3,9
139,Aromat Spice / Seasoning,40,Lorem kgdshfgds,5,9860.8,2427.0,95,2022-04-14,Thoughtstorm,5,10
140,Veal - Slab Bacon,80,Lorem kgdshfgds,22,5627.2,3246.0,52,2023-12-14,Fivechat,5,7
141,"Juice - Orange, Concentrate",38,Lorem kgdshfgds,46,1396.5,1261.0,53,2023-09-20,Quire,1,2
142,"Glass - Wine, Plastic, Clear 5 Oz",38,Lorem kgdshfgds,61,5177.4,2455.0,55,2023-10-09,Bluejam,5,10
143,Table Cloth 53x69 White,78,Lorem kgdshfgds,89,1892.9,4108.0,24,2022-10-06,Dabjam,2,1
144,"Coconut - Shredded, Unsweet",97,Lorem kgdshfgds,31,6260.4,2946.0,83,2022-04-17,Leenti,1,4
145,Island Oasis - Magarita Mix,47,Lorem kgdshfgds,88,7192.9,4553.0,44,2023-07-10,Topicstorm,3,9
146,Extract - Rum,37,Lorem kgdshfgds,94,8903.8,3406.0,74,2023-12-03,Latz,3,8
147,Flour - Semolina,32,Lorem kgdshfgds,96,5095.5,3696.0,58,2022-02-05,Linkbuzz,2,3
148,"Sauce - Black Current, Dry Mix",73,Lorem kgdshfgds,57,8730.3,3605.0,61,2022-01-27,Ooba,3,10
149,Red Pepper Paste,5,Lorem kgdshfgds,14,5256.3,1882.0,64,2022-06-16,Yodel,4,2
150,Fondant - Icing,4,Lorem kgdshfgds,68,7104.3,1368.0,72,2022-07-15,Ailane,4,7
151,Cucumber - English,63,Lorem kgdshfgds,50,9971.8,3906.0,36,2022-11-15,Skiptube,2,2
152,Table Cloth 62x114 Colour,46,Lorem kgdshfgds,58,1674.3,2275.0,52,2022-09-05,BlogXS,2,2
153,"Pepper - Chipotle, Canned",18,Lorem kgdshfgds,39,2133.1,2043.0,2,2022-10-20,Realpoint,3,9
154,Flour - Masa De Harina Mexican,8,Lorem kgdshfgds,37,6914.1,530.0,95,2022-01-29,Edgetag,3,6
155,Propel Sport Drink,38,Lorem kgdshfgds,4,6867.7,725.0,95,2022-06-19,Avamm,1,5
156,Cookie Trail Mix,11,Lorem kgdshfgds,64,5455.9,1835.0,22,2022-08-26,Twitterworks,3,2
157,Coffee - Egg Nog Capuccino,7,Lorem kgdshfgds,8,2621.1,3396.0,9,2023-11-10,Meejo,1,7
158,Pepper - Cubanelle,2,Lorem kgdshfgds,75,4618.2,1862.0,69,2022-05-16,Bubblemix,3,2
159,Potatoes - Yukon Gold 5 Oz,96,Lorem kgdshfgds,12,3143.0,1645.0,9,2023-04-11,Topdrive,1,2
160,"Veal - Inside Round / Top, Lean",41,Lorem kgdshfgds,34,7727.8,2268.0,82,2022-08-11,Meeveo,2,10
161,"Stock - Beef, White",38,Lorem kgdshfgds,61,8279.2,4041.0,34,2022-01-22,Skinte,3,7
162,"Turkey - Breast, Smoked",25,Lorem kgdshfgds,13,1421.4,1910.0,33,2022-09-13,Vipe,5,10
163,Silicone Parch. 16.3x24.3,81,Lorem kgdshfgds,10,5308.7,651.0,86,2022-07-02,Wikizz,2,8
164,Anchovy Paste - 56 G Tube,49,Lorem kgdshfgds,68,1535.2,2630.0,81,2022-03-16,Babbleopia,3,5
165,Butter - Salted,63,Lorem kgdshfgds,87,1907.5,2069.0,11,2022-09-11,Browsezoom,1,2
166,Horseradish - Prepared,36,Lorem kgdshfgds,47,9881.9,2890.0,12,2023-03-08,Flashdog,2,4
167,Arrowroot,20,Lorem kgdshfgds,46,5013.5,1785.0,99,2022-06-01,Jayo,1,7
168,Cheese - Le Cru Du Clocher,79,Lorem kgdshfgds,10,7559.7,3987.0,13,2022-10-10,Wikizz,4,1
169,Bread - Hamburger Buns,19,Lorem kgdshfgds,64,4854.9,1275.0,8,2022-08-19,Camido,5,8
170,Couscous,26,Lorem kgdshfgds,32,5019.0,3129.0,72,2023-05-20,Divavu,4,8
171,Fennel - Seeds,12,Lorem kgdshfgds,98,4831.2,1136.0,57,2023-09-14,Topdrive,3,2
172,Veal - Heart,97,Lorem kgdshfgds,16,4185.0,4533.0,52,2023-10-05,Roodel,5,7
173,Lid Tray - 16in Dome,22,Lorem kgdshfgds,87,3557.8,3457.0,48,2023-10-23,Plajo,1,7
174,Breakfast Quesadillas,40,Lorem kgdshfgds,57,6853.6,3759.0,27,2022-11-23,Chatterbridge,1,4
175,Wasabi Paste,76,Lorem kgdshfgds,97,6683.8,3380.0,38,2022-12-14,Tagtune,4,7
176,Lobster - Canned Premium,37,Lorem kgdshfgds,64,4125.4,1057.0,64,2023-06-06,Brightdog,2,4
177,Blueberries - Frozen,90,Lorem kgdshfgds,6,5684.8,2112.0,66,2023-07-20,Centimia,1,8
178,Wine - Zinfandel California 2002,2,Lorem kgdshfgds,92,1996.0,2309.0,99,2023-05-11,Jayo,5,2
179,Juice - Mango,58,Lorem kgdshfgds,11,9835.7,4378.0,70,2023-10-03,Jatri,5,2
180,Coffee - Ristretto Coffee Capsule,69,Lorem kgdshfgds,16,4242.4,1414.0,27,2022-02-18,BlogXS,1,4
181,Island Oasis - Banana Daiquiri,11,Lorem kgdshfgds,83,9817.5,3227.0,57,2022-10-07,Wordify,3,1
182,Potatoes - Pei 10 Oz,6,Lorem kgdshfgds,37,9933.7,2877.0,49,2022-05-17,Wikido,3,5
183,Dooleys Toffee,63,Lorem kgdshfgds,65,2190.3,1235.0,22,2023-01-09,Tagpad,1,6
184,Cleaner - Comet,75,Lorem kgdshfgds,67,4914.4,2886.0,29,2023-08-30,Lazzy,1,5
185,Table Cloth 120 Round White,14,Lorem kgdshfgds,82,6479.7,2358.0,98,2022-12-23,Innojam,4,9
186,Thermometer Digital,59,Lorem kgdshfgds,95,3243.3,823.0,81,2023-02-26,Kaymbo,5,3
187,Carbonated Water - Raspberry,59,Lorem kgdshfgds,88,4593.3,3053.0,58,2023-05-06,Talane,3,1
188,Island Oasis - Peach Daiquiri,60,Lorem kgdshfgds,18,7913.4,1062.0,58,2023-12-22,Yombu,2,10
189,Seedlings - Clamshell,21,Lorem kgdshfgds,55,7269.3,2210.0,43,2023-03-28,Twinte,2,4
190,Juice - Ocean Spray Kiwi,100,Lorem kgdshfgds,4,9798.1,3041.0,22,2023-11-09,Thoughtworks,1,2
191,Fish - Bones,92,Lorem kgdshfgds,61,4270.7,2008.0,72,2022-03-06,Youtags,3,9
192,Parsley Italian - Fresh,5,Lorem kgdshfgds,35,7233.5,4006.0,86,2022-02-12,Lajo,4,6
193,"Sprite, Diet - 355ml",21,Lorem kgdshfgds,79,6472.0,4602.0,41,2022-03-23,Teklist,2,10
194,Wine - Two Oceans Sauvignon,85,Lorem kgdshfgds,49,7777.8,675.0,28,2023-09-01,Jaxbean,5,7
195,Scallops - In Shell,98,Lorem kgdshfgds,7,1836.5,3458.0,90,2022-11-26,Katz,5,4
196,"Pasta - Lasagna, Dry",23,Lorem kgdshfgds,37,1803.8,4198.0,43,2023-01-09,Dablist,4,2
197,Plastic Wrap,45,Lorem kgdshfgds,17,2921.4,2317.0,92,2023-02-09,Flashdog,4,8
198,Tomatoes Tear Drop,40,Lorem kgdshfgds,70,5802.4,2726.0,28,2023-03-26,Mynte,3,3
199,Yoplait Drink,28,Lorem kgdshfgds,15,1887.9,2910.0,76,2023-03-08,Topicstorm,1,4
200,Nantucket Cranberry Juice,92,Lorem kgdshfgds,83,9777.6,4128.0,43,2022-02-22,Flashdog,5,2
201,Bread - Flat Bread,82,Lorem kgdshfgds,66,2762.6,3607.0,15,2022-12-22,Skinte,3,3
202,Muskox - French Rack,72,Lorem kgdshfgds,91,1781.1,2434.0,38,2022-09-22,Browseblab,5,6
203,Olives - Morracan Dired,96,Lorem kgdshfgds,27,6851.0,548.0,14,2022-11-03,Mynte,1,7
204,Soup - Campbells Chili,41,Lorem kgdshfgds,12,6081.8,1832.0,82,2023-07-04,Skiptube,4,4
205,Sour Cream,64,Lorem kgdshfgds,35,4683.1,2606.0,66,2022-04-01,Twitterworks,5,8
206,Island Oasis - Mango Daiquiri,95,Lorem kgdshfgds,77,9064.8,1887.0,27,2022-08-19,Digitube,3,4
207,Sesame Seed,10,Lorem kgdshfgds,15,2562.0,4458.0,24,2022-07-21,Leenti,2,10
208,"Chicken - Base, Ultimate",1,Lorem kgdshfgds,9,9690.1,3804.0,92,2023-02-02,Izio,1,10
209,"Nut - Walnut, Pieces",19,Lorem kgdshfgds,72,5735.5,2572.0,23,2022-05-02,Gigaclub,3,10
210,Garbage Bags - Clear,65,Lorem kgdshfgds,54,8164.9,4053.0,6,2023-02-16,Brainverse,1,4
211,Lid - 3oz Med Rec,71,Lorem kgdshfgds,34,3427.5,2983.0,51,2023-10-30,Browsetype,4,6
212,Kellogs Special K Cereal,16,Lorem kgdshfgds,88,3864.8,3695.0,14,2022-09-08,Roombo,3,10
213,"Bag - Bread, White, Plain",64,Lorem kgdshfgds,89,7857.4,2826.0,79,2022-04-29,Tagchat,5,9
214,Banana - Green,61,Lorem kgdshfgds,4,4577.5,1549.0,64,2022-04-16,Voonix,1,10
215,Puree - Pear,50,Lorem kgdshfgds,38,5275.9,517.0,4,2022-04-03,Meezzy,2,6
216,Longos - Burritos,94,Lorem kgdshfgds,99,6060.6,3132.0,63,2022-01-06,Youfeed,1,3
217,Milk 2% 500 Ml,77,Lorem kgdshfgds,11,6914.8,4935.0,69,2023-06-25,Trudoo,1,3
218,"Yogurt - Raspberry, 175 Gr",68,Lorem kgdshfgds,18,9895.1,3400.0,48,2023-09-02,Voolia,5,1
219,Rabbit - Legs,46,Lorem kgdshfgds,51,2582.9,4567.0,34,2022-09-24,Topiczoom,5,1
220,Eel Fresh,50,Lorem kgdshfgds,83,2003.2,3382.0,50,2022-03-11,Abata,5,1
221,Beer - Fruli,96,Lorem kgdshfgds,45,3922.3,1960.0,25,2023-09-02,Zoonder,4,7
222,Chicken - Wieners,81,Lorem kgdshfgds,88,7394.3,3693.0,89,2023-02-07,Skinix,1,6
223,Energy - Boo - Koo,84,Lorem kgdshfgds,12,7031.9,2472.0,26,2022-10-23,Dynazzy,3,6
224,Flour - Semolina,67,Lorem kgdshfgds,84,8556.8,2851.0,100,2023-12-28,Gigabox,3,6
225,"Cake Circle, Paprus",79,Lorem kgdshfgds,9,5195.6,2446.0,30,2022-09-08,Kwinu,5,5
226,Kellogs Special K Cereal,83,Lorem kgdshfgds,60,7473.2,2003.0,25,2022-10-20,Twitterbeat,3,8
227,Soup - Campbells Chili,80,Lorem kgdshfgds,48,7240.9,2291.0,25,2022-02-14,Meetz,5,5
228,Eggwhite Frozen,32,Lorem kgdshfgds,48,4597.1,3783.0,1,2022-08-24,Topicware,3,2
229,Chocolate - Unsweetened,99,Lorem kgdshfgds,87,4081.7,506.0,7,2023-02-05,Zoozzy,2,8
230,Bay Leaf Fresh,42,Lorem kgdshfgds,65,2748.1,3643.0,56,2023-09-24,Wikizz,1,10
231,Nut - Pumpkin Seeds,93,Lorem kgdshfgds,42,6065.0,535.0,51,2023-10-12,Pixope,2,4
232,"Soup - French Onion, Dry",89,Lorem kgdshfgds,4,5154.9,4124.0,34,2023-04-22,Minyx,3,10
233,Trueblue - Blueberry 12x473ml,32,Lorem kgdshfgds,91,6177.9,3817.0,83,2023-12-03,Podcat,2,2
234,Dragon Fruit,48,Lorem kgdshfgds,3,1139.8,4745.0,22,2023-12-05,Trudeo,3,7
235,Veal - Provimi Inside,8,Lorem kgdshfgds,2,4457.2,757.0,23,2022-02-19,Devcast,2,1
236,Appetizer - Assorted Box,92,Lorem kgdshfgds,58,2162.9,2571.0,81,2022-09-02,Shufflester,1,5
237,Wine - Placido Pinot Grigo,26,Lorem kgdshfgds,97,4566.2,4839.0,90,2023-01-02,Quire,1,1
238,Steampan - Foil,40,Lorem kgdshfgds,39,4539.5,3658.0,41,2023-05-20,Avaveo,2,1
239,Beef Cheek Fresh,93,Lorem kgdshfgds,19,2184.3,590.0,92,2022-09-02,Babbleset,4,9
240,Soup - Campbells Chili,90,Lorem kgdshfgds,36,2500.1,924.0,97,2022-01-27,Voolith,3,2
241,Chips - Doritos,100,Lorem kgdshfgds,25,5888.5,1979.0,52,2023-10-23,Rhyloo,3,5
242,Flour - Whole Wheat,61,Lorem kgdshfgds,11,2642.5,1714.0,80,2022-05-21,Brainlounge,4,2
243,Pear - Packum,74,Lorem kgdshfgds,51,8832.3,3031.0,41,2022-07-16,BlogXS,3,3
244,Lid Tray - 16in Dome,70,Lorem kgdshfgds,79,4046.9,4381.0,60,2022-10-16,Dabshots,5,6
245,"Sauce - Soya, Light",8,Lorem kgdshfgds,83,7221.5,1612.0,12,2023-11-11,Jabbercube,5,1
246,"Wine - White, Pinot Grigio",38,Lorem kgdshfgds,20,5280.1,4516.0,29,2023-08-07,Babblestorm,3,8
247,Container Clear 8 Oz,71,Lorem kgdshfgds,58,3327.9,1727.0,85,2023-10-31,Twinte,4,10
248,Oil - Pumpkinseed,25,Lorem kgdshfgds,51,3271.2,3548.0,46,2023-08-27,Wordware,2,1
249,Wine - Rioja Campo Viejo,75,Lorem kgdshfgds,85,9004.8,2831.0,95,2022-03-15,Skivee,4,1
250,Ginger - Fresh,36,Lorem kgdshfgds,94,3087.0,577.0,29,2022-02-21,Thoughtsphere,5,6
251,"Artichoke - Hearts, Canned",61,Lorem kgdshfgds,4,9954.2,1239.0,41,2023-04-07,Devpoint,2,9
252,Tomatoes - Heirloom,83,Lorem kgdshfgds,96,6958.5,4003.0,47,2022-03-05,Camido,5,5
253,Cinnamon - Stick,75,Lorem kgdshfgds,3,8817.6,4907.0,83,2022-05-07,Photospace,3,10
254,"Coke - Diet, 355 Ml",32,Lorem kgdshfgds,27,8744.0,3891.0,24,2022-05-15,Jaxbean,4,5
255,Wine - Savigny - Les - Beaune,86,Lorem kgdshfgds,34,7149.2,1344.0,20,2022-04-16,Zoombox,4,10
256,Brandy - Bar,50,Lorem kgdshfgds,68,2407.2,2604.0,34,2022-10-19,Rhynyx,4,10
257,Beef - Top Sirloin - Aaa,7,Lorem kgdshfgds,41,2810.2,3179.0,37,2022-12-02,Tambee,3,8
258,Chevril,58,Lorem kgdshfgds,78,8772.5,2834.0,93,2023-02-16,Demivee,4,3
259,Tart - Butter Plain Squares,88,Lorem kgdshfgds,90,5396.6,4673.0,20,2022-04-02,Ooba,1,8
260,Scallops - 10/20,44,Lorem kgdshfgds,61,8421.5,4077.0,86,2022-03-04,Dazzlesphere,4,9
261,Sobe - Cranberry Grapefruit,77,Lorem kgdshfgds,95,5815.4,3314.0,89,2022-04-20,Brainsphere,2,8
262,Pasta - Angel Hair,14,Lorem kgdshfgds,50,2059.4,4165.0,55,2023-12-04,Yabox,3,6
263,"Bread - White, Unsliced",51,Lorem kgdshfgds,91,1359.5,4177.0,7,2022-09-04,Voonyx,3,8
264,Walkers Special Old Whiskey,87,Lorem kgdshfgds,63,9782.8,2823.0,91,2022-04-10,Jaxbean,5,10
265,Chinese Foods - Chicken,22,Lorem kgdshfgds,2,4969.8,4159.0,84,2022-02-25,Livefish,2,5
266,Puff Pastry - Slab,11,Lorem kgdshfgds,33,3741.1,1482.0,23,2023-03-04,Devpulse,3,4
267,Jameson - Irish Whiskey,62,Lorem kgdshfgds,28,9890.9,842.0,84,2023-01-12,Miboo,3,3
268,English Muffin,99,Lorem kgdshfgds,32,7553.3,608.0,54,2023-03-21,Voonyx,3,7
269,Cheese - Perron Cheddar,18,Lorem kgdshfgds,19,4480.1,4689.0,24,2023-04-23,Zoomcast,1,1
270,Sproutsmustard Cress,90,Lorem kgdshfgds,79,3154.6,1851.0,86,2023-11-05,Brainbox,2,6
271,"Juice - Tomato, 10 Oz",36,Lorem kgdshfgds,21,1520.7,1714.0,39,2022-08-02,Bluejam,1,1
272,Lettuce - Lambs Mash,57,Lorem kgdshfgds,32,2708.5,3573.0,42,2022-08-02,Eidel,5,8
273,Mushroom - Chanterelle Frozen,76,Lorem kgdshfgds,39,9893.9,2820.0,55,2022-04-01,Quimm,1,7
274,Beer - Steamwhistle,58,Lorem kgdshfgds,42,1893.4,612.0,80,2022-12-20,Youspan,4,8
275,Capers - Pickled,72,Lorem kgdshfgds,13,3719.2,2937.0,42,2022-10-29,Plambee,5,4
276,Tea - Jasmin Green,28,Lorem kgdshfgds,23,1572.5,1892.0,54,2022-10-01,Oloo,5,2
277,"Mushroom - Porcini, Dry",15,Lorem kgdshfgds,49,5585.7,931.0,66,2023-07-07,Livetube,2,2
278,Wine - Sauvignon Blanc,22,Lorem kgdshfgds,55,7016.9,1680.0,25,2023-12-20,Latz,3,7
279,Gooseberry,69,Lorem kgdshfgds,55,7508.7,543.0,33,2022-08-08,Brainverse,4,2
280,Cheese - Augre Des Champs,27,Lorem kgdshfgds,61,1580.4,4309.0,65,2023-12-18,Gabtune,1,2
281,Shiratamako - Rice Flour,22,Lorem kgdshfgds,80,5112.6,3193.0,49,2023-12-27,Teklist,1,8
282,Chips Potato Swt Chilli Sour,83,Lorem kgdshfgds,66,3244.1,3082.0,4,2023-12-24,Brainlounge,1,4
283,Cake - Cheese Cake 9 Inch,56,Lorem kgdshfgds,2,4466.9,1821.0,97,2023-12-16,JumpXS,3,4
284,"Lamb - Racks, Frenched",34,Lorem kgdshfgds,65,4183.0,977.0,33,2022-07-31,Shuffletag,2,3
285,"Pasta - Fettuccine, Egg, Fresh",41,Lorem kgdshfgds,53,8721.7,3749.0,28,2022-03-25,Vinte,1,10
286,"Rum - White, Gg White",71,Lorem kgdshfgds,47,3848.6,575.0,20,2022-10-09,Skiptube,2,2
287,Scallops - 10/20,42,Lorem kgdshfgds,70,1668.1,2465.0,75,2022-04-04,Thoughtbeat,4,3
288,Pasta - Cheese / Spinach Bauletti,70,Lorem kgdshfgds,35,7476.9,2327.0,61,2022-05-08,Realbridge,3,7
289,"Cheese - Cheddar, Old White",22,Lorem kgdshfgds,40,2710.7,3911.0,46,2023-08-15,Trilith,2,6
290,Creamers - 10%,21,Lorem kgdshfgds,95,1626.8,3311.0,96,2023-10-23,Wikido,1,9
291,Wine - Chablis 2003 Champs,51,Lorem kgdshfgds,93,3876.0,501.0,77,2023-09-25,Realcube,3,2
292,Wiberg Super Cure,58,Lorem kgdshfgds,86,4812.4,4201.0,25,2022-03-24,Quinu,3,8
293,"Wine - Bourgogne 2002, La",45,Lorem kgdshfgds,34,9345.2,1112.0,52,2023-08-05,Skynoodle,1,7
294,Beer - Upper Canada Light,41,Lorem kgdshfgds,21,9718.1,2695.0,1,2023-07-09,Skinix,5,7
295,"Pork - Chop, Frenched",52,Lorem kgdshfgds,18,7251.8,4342.0,14,2023-08-16,Wikido,4,4
296,Rum - Mount Gay Eclipes,41,Lorem kgdshfgds,23,9953.0,1854.0,95,2023-01-31,Jabbertype,1,3
297,"Doilies - 8, Paper",38,Lorem kgdshfgds,67,3688.4,3432.0,100,2023-07-12,Yamia,4,2
298,Cheese - Colby,87,Lorem kgdshfgds,96,3496.3,3414.0,98,2022-09-26,Quimba,1,6
299,Blueberries - Frozen,9,Lorem kgdshfgds,82,4157.0,4381.0,14,2023-11-25,Vinte,3,4
300,Soup - Boston Clam Chowder,29,Lorem kgdshfgds,88,8732.8,3018.0,46,2022-06-11,Wordtune,1,9
301,Wine - Domaine Boyar Royal,54,Lorem kgdshfgds,46,4119.7,3872.0,30,2023-04-07,Blogspan,1,9
302,Danishes - Mini Cheese,93,Lorem kgdshfgds,6,2784.2,1125.0,92,2023-07-21,Wordtune,4,1
303,Wine - Masi Valpolocell,26,Lorem kgdshfgds,50,5081.5,2515.0,30,2022-06-21,Linkbridge,2,7
304,Cloves - Whole,85,Lorem kgdshfgds,90,1521.7,1791.0,64,2022-04-06,Eazzy,4,2
305,Contreau,21,Lorem kgdshfgds,64,3363.5,1711.0,19,2022-01-09,Centidel,2,6
306,Glove - Cutting,99,Lorem kgdshfgds,61,1127.2,3126.0,39,2022-07-22,Innotype,3,1
307,"Pepper - Julienne, Frozen",26,Lorem kgdshfgds,32,2589.9,3586.0,76,2023-03-04,Nlounge,4,10
308,Bay Leaf,65,Lorem kgdshfgds,100,1031.7,1289.0,75,2022-09-18,Thoughtbeat,5,2
309,Appetizer - Escargot Puff,70,Lorem kgdshfgds,68,8304.9,2247.0,10,2023-03-11,Voomm,2,9
310,Water - Spring 1.5lit,98,Lorem kgdshfgds,34,1000.7,793.0,70,2022-02-19,Jabberbean,4,3
311,"Pork - Ham, Virginia",94,Lorem kgdshfgds,35,8565.9,3278.0,59,2023-09-20,Blognation,1,9
312,"Lid - 10,12,16 Oz",46,Lorem kgdshfgds,16,1064.7,3952.0,22,2023-11-10,BlogXS,3,2
313,Wine - Red Oakridge Merlot,9,Lorem kgdshfgds,32,9417.0,2802.0,76,2023-09-12,Gabspot,5,10
314,Muffin Hinge Container 6,66,Lorem kgdshfgds,85,4433.7,912.0,89,2022-11-01,Edgeify,5,8
315,Tea - Earl Grey,83,Lorem kgdshfgds,80,5222.3,3128.0,77,2022-03-07,Leexo,3,3
316,Rye Special Old,66,Lorem kgdshfgds,11,4638.3,2907.0,65,2022-12-02,Yodel,3,9
317,Appetizer - Seafood Assortment,49,Lorem kgdshfgds,94,4488.0,1800.0,64,2022-01-24,Mudo,1,9
318,Tomatoes Tear Drop,13,Lorem kgdshfgds,74,5271.3,4502.0,73,2023-07-26,Rhyloo,5,7
319,Apricots Fresh,54,Lorem kgdshfgds,96,8945.3,3444.0,19,2022-01-03,Feedspan,5,4
320,Hipnotiq Liquor,70,Lorem kgdshfgds,86,5087.3,2915.0,3,2022-12-25,Mymm,1,3
321,Vinegar - Balsamic,69,Lorem kgdshfgds,83,7025.6,1783.0,7,2022-03-31,Skimia,1,3
322,Shrimp - 100 / 200 Cold Water,17,Lorem kgdshfgds,74,5035.8,1470.0,82,2023-10-13,Voonix,5,3
323,"Basil - Primerba, Paste",61,Lorem kgdshfgds,25,3059.5,4174.0,16,2023-04-05,Digitube,5,8
324,"Beans - Kidney, Canned",89,Lorem kgdshfgds,20,7974.1,2074.0,55,2022-07-28,Eayo,2,6
325,Hersey Shakes,31,Lorem kgdshfgds,100,9049.8,3563.0,29,2022-12-13,Camimbo,2,9
326,Rye Special Old,87,Lorem kgdshfgds,10,2757.1,4288.0,32,2022-08-19,Ailane,2,10
327,Saskatoon Berries - Frozen,21,Lorem kgdshfgds,47,6722.8,2709.0,38,2023-09-27,Flashspan,5,8
328,Wine - Sawmill Creek Autumn,13,Lorem kgdshfgds,98,3727.9,2167.0,70,2023-07-17,Dabtype,1,7
329,Devonshire Cream,80,Lorem kgdshfgds,92,5680.7,3310.0,65,2023-06-28,Browsedrive,1,5
330,"Quail - Whole, Boneless",69,Lorem kgdshfgds,45,3431.0,3453.0,18,2023-03-23,Linklinks,3,5
331,Extract - Almond,31,Lorem kgdshfgds,67,2880.6,2705.0,7,2022-04-26,Kwideo,5,6
332,Chocolate - Semi Sweet,76,Lorem kgdshfgds,91,4826.1,599.0,99,2023-05-02,Snaptags,2,8
333,"Beef - Bones, Cut - Up",80,Lorem kgdshfgds,1,4690.5,4388.0,73,2022-09-11,Trupe,2,3
334,Lamb Rack Frenched Australian,12,Lorem kgdshfgds,25,3710.7,808.0,38,2023-03-25,Skinder,5,10
335,Myers Planters Punch,41,Lorem kgdshfgds,57,8101.2,3660.0,83,2022-07-09,Trilia,3,4
336,Beef - Tender Tips,13,Lorem kgdshfgds,48,7009.4,2487.0,1,2022-08-11,Flashspan,1,4
337,Pate - Cognac,47,Lorem kgdshfgds,35,6845.7,1990.0,82,2022-05-11,Jetpulse,1,5
338,Crackers - Graham,58,Lorem kgdshfgds,1,9199.6,2164.0,63,2022-10-28,Mynte,4,8
339,Pepper - Red Bell,92,Lorem kgdshfgds,59,1321.4,2985.0,92,2022-05-06,Oyoyo,4,5
340,Triple Sec - Mcguinness,9,Lorem kgdshfgds,74,9562.5,2744.0,68,2023-01-16,Topicblab,1,5
341,Vol Au Vents,24,Lorem kgdshfgds,40,4239.0,4682.0,48,2023-07-07,Roomm,3,10
342,Table Cloth 81x81 Colour,91,Lorem kgdshfgds,7,5842.6,4663.0,38,2023-01-01,Wikivu,4,1
343,Chicken Thigh - Bone Out,87,Lorem kgdshfgds,18,7122.7,3633.0,17,2022-12-13,Browsetype,1,1
344,Wine - Black Tower Qr,66,Lorem kgdshfgds,67,3275.1,3924.0,73,2023-03-26,Jabbercube,4,7
345,Chocolate - Mi - Amere Semi,91,Lorem kgdshfgds,76,2939.6,3108.0,68,2022-11-18,Twinte,1,2
346,Skewers - Bamboo,3,Lorem kgdshfgds,50,9367.5,1537.0,2,2022-06-07,Mydeo,3,10
347,Compound - Rum,77,Lorem kgdshfgds,55,6429.8,2135.0,97,2023-03-03,Devpoint,4,1
348,Pork - Shoulder,70,Lorem kgdshfgds,15,4179.9,1378.0,18,2022-02-07,Twinte,3,4
349,Sauce - Plum,12,Lorem kgdshfgds,64,7439.3,858.0,63,2022-09-10,InnoZ,2,10
350,"Fish - Scallops, Cold Smoked",90,Lorem kgdshfgds,28,2804.0,2317.0,5,2022-03-22,Teklist,2,5
351,Crackers - Trio,99,Lorem kgdshfgds,16,6398.0,3813.0,93,2022-04-12,Zoomdog,2,3
352,Cheese - Bocconcini,49,Lorem kgdshfgds,51,4983.9,2191.0,11,2023-07-24,Roomm,2,2
353,Uniform Linen Charge,47,Lorem kgdshfgds,56,4196.8,521.0,10,2022-07-29,Quinu,5,9
354,Wine - Sauvignon Blanc Oyster,94,Lorem kgdshfgds,99,6291.5,3239.0,70,2023-01-10,Browsetype,5,8
355,Pastry - Cheese Baked Scones,23,Lorem kgdshfgds,74,2726.7,4440.0,52,2022-08-12,Jatri,5,8
356,Garbage Bag - Clear,50,Lorem kgdshfgds,34,2109.0,1643.0,84,2022-01-31,Linktype,2,8
357,"Tendrils - Baby Pea, Organic",24,Lorem kgdshfgds,89,3050.9,1360.0,50,2023-07-01,Gigashots,3,9
358,Ice Cream Bar - Rolo Cone,51,Lorem kgdshfgds,76,1343.5,2221.0,51,2022-08-12,Shufflester,3,2
359,Jameson Irish Whiskey,13,Lorem kgdshfgds,5,4134.2,4212.0,61,2022-10-01,Yodo,3,5
360,Couscous,6,Lorem kgdshfgds,68,2286.0,3670.0,18,2022-02-27,Vitz,2,10
361,Berry Brulee,80,Lorem kgdshfgds,43,4914.4,2576.0,92,2023-02-28,Browsetype,1,8
362,Glass Clear 8 Oz,84,Lorem kgdshfgds,52,8987.4,605.0,86,2023-02-28,Kanoodle,4,10
363,Chambord Royal,39,Lorem kgdshfgds,80,3100.0,4512.0,48,2022-06-14,Zoombeat,3,9
364,Veal - Loin,42,Lorem kgdshfgds,49,8642.1,854.0,37,2023-11-21,Jamia,4,8
365,Dried Peach,96,Lorem kgdshfgds,26,9197.6,2848.0,65,2022-09-25,Tagtune,4,2
366,Pork - Smoked Back Bacon,71,Lorem kgdshfgds,49,8510.9,2462.0,19,2023-09-14,Youspan,5,3
367,Wooden Mop Handle,25,Lorem kgdshfgds,12,5556.3,4351.0,55,2022-06-16,Flipstorm,1,10
368,Coffee - Egg Nog Capuccino,91,Lorem kgdshfgds,67,6315.2,2461.0,36,2022-07-25,Fivebridge,3,7
369,"Veal - Inside, Choice",34,Lorem kgdshfgds,100,9815.3,2304.0,24,2022-12-05,Omba,3,3
370,Dooleys Toffee,96,Lorem kgdshfgds,71,4598.4,4973.0,36,2023-01-03,Kayveo,3,3
371,Pepper - Green Thai,45,Lorem kgdshfgds,91,7440.7,4045.0,92,2022-09-28,Janyx,5,10
372,"Crush - Grape, 355 Ml",57,Lorem kgdshfgds,62,3612.1,661.0,94,2022-08-27,Trupe,5,7
373,Muffin Orange Individual,61,Lorem kgdshfgds,18,2266.0,2574.0,80,2022-08-06,Twimbo,3,5
374,Bread - Multigrain Oval,98,Lorem kgdshfgds,29,8020.4,1450.0,45,2023-05-23,Yotz,3,10
375,Molasses - Fancy,29,Lorem kgdshfgds,70,6519.9,4917.0,43,2022-06-19,Oyoyo,4,9
376,Pepper Squash,96,Lorem kgdshfgds,17,6263.0,805.0,81,2022-05-12,Kwideo,5,9
377,Snapple Lemon Tea,99,Lorem kgdshfgds,16,9267.6,2182.0,26,2023-05-06,Browsebug,3,4
378,Olives - Nicoise,96,Lorem kgdshfgds,99,6063.6,4957.0,41,2022-12-30,Devshare,3,5
379,Energy Drink,24,Lorem kgdshfgds,62,5139.5,3408.0,82,2022-05-22,Skinix,3,4
380,Island Oasis - Ice Cream Mix,32,Lorem kgdshfgds,13,1954.3,2250.0,56,2023-10-17,Babbleblab,2,5
381,Ginsing - Fresh,57,Lorem kgdshfgds,96,5814.2,3341.0,33,2022-03-11,Yambee,1,10
382,Pastrami,44,Lorem kgdshfgds,40,3587.2,2629.0,21,2023-05-08,Topiczoom,1,3
383,Beans - Green,23,Lorem kgdshfgds,52,8215.1,1180.0,72,2023-01-20,Avamba,3,9
384,Cheese - Oka,67,Lorem kgdshfgds,75,2373.2,2855.0,32,2023-08-08,Tazz,2,4
385,Rice - Sushi,100,Lorem kgdshfgds,36,1810.7,4302.0,53,2023-09-06,Yodel,2,9
386,Squash - Butternut,16,Lorem kgdshfgds,54,6819.4,1506.0,32,2022-09-20,Myworks,2,5
387,Chocolate - Feathers,23,Lorem kgdshfgds,59,2301.7,3391.0,84,2022-12-02,Quinu,2,6
388,"Thyme - Lemon, Fresh",14,Lorem kgdshfgds,42,2252.1,3246.0,32,2022-05-13,Edgeblab,3,1
389,Ecolab - Medallion,15,Lorem kgdshfgds,13,7052.3,2199.0,19,2022-01-03,Mynte,3,10
390,"Lamb - Racks, Frenched",99,Lorem kgdshfgds,86,5627.5,579.0,6,2023-09-12,Bluezoom,1,4
391,Wine - Periguita Fonseca,38,Lorem kgdshfgds,60,1443.4,4625.0,36,2023-09-28,Realbridge,1,7
392,Soup - Campbells Beef Noodle,4,Lorem kgdshfgds,20,7607.5,725.0,8,2023-10-18,Fiveclub,1,4
393,Bagel - Ched Chs Presliced,83,Lorem kgdshfgds,66,9157.4,2884.0,72,2022-12-18,Babblestorm,3,10
394,Truffle - Peelings,54,Lorem kgdshfgds,66,1335.7,2526.0,7,2022-10-29,Babblestorm,4,1
395,"Tortillas - Flour, 8",59,Lorem kgdshfgds,3,5334.3,2265.0,43,2023-08-29,Ozu,5,10
396,Chocolate Bar - Smarties,58,Lorem kgdshfgds,78,1060.6,3116.0,58,2023-04-29,Meezzy,4,9
397,Cups 10oz Trans,76,Lorem kgdshfgds,79,2581.7,3123.0,86,2023-10-30,Nlounge,1,5
398,Cake - Cake Sheet Macaroon,35,Lorem kgdshfgds,50,5748.7,4117.0,34,2022-01-20,Rhyzio,3,9
399,Versatainer Nc - 888,84,Lorem kgdshfgds,28,4462.1,663.0,1,2023-09-23,Skibox,1,4
400,Vinegar - Raspberry,71,Lorem kgdshfgds,40,3187.0,3122.0,92,2022-11-05,Youtags,1,5
401,Squash - Sunburst,62,Lorem kgdshfgds,86,1588.9,3071.0,11,2022-05-05,Brainsphere,3,6
402,Ecolab - Ster Bac,73,Lorem kgdshfgds,66,9224.2,2101.0,24,2023-01-24,Wordpedia,4,2
403,Table Cloth 90x90 Colour,73,Lorem kgdshfgds,56,4574.2,3176.0,80,2022-02-25,Rhycero,4,4
404,Soup V8 Roasted Red Pepper,80,Lorem kgdshfgds,61,8497.1,4909.0,86,2023-02-09,Jabbertype,2,10
405,Truffle - Peelings,39,Lorem kgdshfgds,94,9690.0,2845.0,13,2022-04-06,Linkbuzz,3,4
406,Syrup - Monin - Passion Fruit,76,Lorem kgdshfgds,96,8426.3,1682.0,48,2023-10-27,Fivebridge,5,5
407,Cheese - Fontina,99,Lorem kgdshfgds,79,3935.6,4525.0,51,2022-06-12,Blogtag,2,7
408,Mountain Dew,86,Lorem kgdshfgds,22,4365.6,1213.0,84,2022-05-17,Yodel,1,6
409,Tuna - Loin,3,Lorem kgdshfgds,28,7353.2,4547.0,81,2022-12-05,Jayo,4,3
410,"Coconut - Shredded, Unsweet",71,Lorem kgdshfgds,98,5908.1,4962.0,17,2022-02-19,Browsecat,4,2
411,Sprouts - China Rose,89,Lorem kgdshfgds,9,9778.6,1841.0,65,2022-12-26,Youopia,2,2
412,"Salmon - Atlantic, No Skin",68,Lorem kgdshfgds,25,3659.7,4327.0,72,2022-03-24,Edgewire,1,5
413,Crackers - Graham,97,Lorem kgdshfgds,32,2406.5,682.0,7,2022-04-05,Camimbo,4,6
414,Flour - Rye,43,Lorem kgdshfgds,24,9336.7,3072.0,31,2022-04-12,Gabtune,5,8
415,Bread Crumbs - Panko,72,Lorem kgdshfgds,54,3699.9,551.0,98,2022-08-13,Dazzlesphere,5,2
416,Vodka - Smirnoff,34,Lorem kgdshfgds,77,1868.4,3112.0,45,2022-05-09,Agimba,3,3
417,Muffin - Mix - Mango Sour Cherry,36,Lorem kgdshfgds,77,8562.3,885.0,46,2022-07-01,Izio,5,8
418,Cake - Pancake,97,Lorem kgdshfgds,3,4460.6,4770.0,20,2023-10-19,Jamia,2,7
419,Tuna - Loin,65,Lorem kgdshfgds,25,9325.2,3817.0,19,2022-07-14,Dynava,3,3
420,"Nut - Pine Nuts, Whole",12,Lorem kgdshfgds,72,5906.6,529.0,60,2022-05-07,Fliptune,3,4
421,Bread - Bistro White,69,Lorem kgdshfgds,43,7861.6,1426.0,20,2022-04-30,Kwimbee,3,7
422,Dried Cherries,74,Lorem kgdshfgds,69,7788.3,4893.0,34,2022-08-23,Shufflebeat,5,4
423,Beef - Short Loin,81,Lorem kgdshfgds,16,4006.6,4955.0,14,2022-11-13,Topiclounge,5,5
424,Wooden Mop Handle,83,Lorem kgdshfgds,78,7921.2,778.0,57,2022-01-19,Camido,2,6
425,Cumin - Ground,51,Lorem kgdshfgds,52,9035.0,1544.0,3,2022-05-16,Blognation,3,5
426,Grenadine,76,Lorem kgdshfgds,26,2655.2,2953.0,54,2023-12-28,Layo,4,2
427,Eggroll,18,Lorem kgdshfgds,94,7289.6,2588.0,58,2023-10-12,BlogXS,4,7
428,Straws - Cocktale,51,Lorem kgdshfgds,71,7916.2,3105.0,94,2022-09-11,Demizz,4,5
429,Sweet Pea Sprouts,21,Lorem kgdshfgds,25,3501.3,2824.0,54,2022-07-08,Flipstorm,4,8
430,"Cheese - Manchego, Spanish",18,Lorem kgdshfgds,92,7838.0,2531.0,14,2023-10-03,Babblestorm,2,8
431,Curry Paste - Green Masala,84,Lorem kgdshfgds,37,2487.6,4424.0,4,2023-09-20,Izio,4,2
432,"Quail - Whole, Bone - In",6,Lorem kgdshfgds,87,6455.6,3572.0,89,2022-12-24,Yambee,2,8
433,Sauce - Rosee,16,Lorem kgdshfgds,22,2022.0,2950.0,38,2022-08-01,Eidel,2,1
434,Chinese Foods - Cantonese,49,Lorem kgdshfgds,74,7515.8,1143.0,44,2023-11-26,Rhynoodle,1,1
435,Veal - Slab Bacon,78,Lorem kgdshfgds,52,9004.2,1524.0,68,2023-01-19,Realfire,5,9
436,Olives - Kalamata,49,Lorem kgdshfgds,43,9027.8,1609.0,17,2022-11-25,Edgetag,1,9
437,Cheese - St. Paulin,50,Lorem kgdshfgds,37,6345.9,1209.0,81,2023-01-23,Wikizz,1,9
438,Kellogs Raisan Bran Bars,76,Lorem kgdshfgds,78,2535.2,2569.0,3,2022-04-23,Riffpath,1,7
439,Urban Zen Drinks,35,Lorem kgdshfgds,44,3295.4,4965.0,16,2023-12-17,Yodoo,1,6
440,Lobak,80,Lorem kgdshfgds,97,6767.3,3568.0,82,2022-07-09,Trudoo,3,4
441,"Pork - Chop, Frenched",80,Lorem kgdshfgds,54,1348.5,4316.0,57,2022-12-07,Jayo,2,2
442,Ice Cream Bar - Hageen Daz To,98,Lorem kgdshfgds,86,3604.4,1556.0,50,2023-04-22,Twitterwire,5,3
443,Salt - Sea,65,Lorem kgdshfgds,30,7998.6,3460.0,80,2022-02-07,Oodoo,1,8
444,Squash - Pepper,51,Lorem kgdshfgds,61,6436.2,3791.0,68,2023-01-09,Shufflester,4,5
445,"Cherries - Bing, Canned",26,Lorem kgdshfgds,23,2047.7,2289.0,44,2022-12-12,Jabbersphere,4,8
446,Cattail Hearts,59,Lorem kgdshfgds,71,8326.6,3860.0,43,2022-07-07,Zoovu,5,9
447,"Cod - Salted, Boneless",51,Lorem kgdshfgds,86,3514.7,784.0,57,2023-08-02,Voolia,5,6
448,"Pepsi, 355 Ml",9,Lorem kgdshfgds,22,3562.3,3720.0,91,2023-07-11,Quimm,2,10
449,Juice - Happy Planet,16,Lorem kgdshfgds,9,4714.6,627.0,1,2022-07-06,Kanoodle,5,1
450,Tray - 12in Rnd Blk,11,Lorem kgdshfgds,86,6266.2,633.0,93,2022-07-03,Skynoodle,3,7
451,Apricots Fresh,91,Lorem kgdshfgds,22,1353.1,1823.0,32,2023-04-04,Bubblebox,1,2
452,Drambuie,14,Lorem kgdshfgds,51,4020.7,3603.0,70,2023-02-24,Skippad,4,6
453,Gherkin - Sour,81,Lorem kgdshfgds,41,3605.6,2249.0,70,2023-02-22,Trupe,1,4
454,Beer - Muskoka Cream Ale,64,Lorem kgdshfgds,76,2687.5,702.0,28,2023-08-27,Dynabox,2,1
455,Sesame Seed Black,11,Lorem kgdshfgds,25,2582.2,931.0,75,2022-09-07,Riffwire,4,8
456,Sauce - Sesame Thai Dressing,88,Lorem kgdshfgds,77,5522.7,3486.0,62,2023-09-08,Flashset,5,2
457,Cocktail Napkin Blue,70,Lorem kgdshfgds,61,5345.6,3121.0,40,2023-08-08,Myworks,4,3
458,Water - Spring 1.5lit,14,Lorem kgdshfgds,12,4513.1,2010.0,79,2023-09-14,Jazzy,2,6
459,Quiche Assorted,73,Lorem kgdshfgds,60,4192.2,4175.0,41,2023-05-06,Kimia,5,10
460,"Juice - Grapefruit, 341 Ml",35,Lorem kgdshfgds,54,1589.6,4164.0,12,2023-11-22,Nlounge,3,5
461,Cheese - Mix,82,Lorem kgdshfgds,42,5803.4,2845.0,13,2022-01-17,Tekfly,5,8
462,Cheese - Feta,88,Lorem kgdshfgds,60,1669.9,1323.0,31,2023-12-15,Fivebridge,2,8
463,Tea Leaves - Oolong,39,Lorem kgdshfgds,94,7769.2,4430.0,25,2022-11-19,Mydeo,1,1
464,Cheese - Goat,24,Lorem kgdshfgds,57,7866.0,2816.0,59,2023-04-04,Voomm,1,7
465,Longos - Grilled Chicken With,85,Lorem kgdshfgds,26,7977.3,3256.0,86,2022-10-18,Quinu,5,6
466,Gatorade - Lemon Lime,46,Lorem kgdshfgds,13,5112.0,4049.0,35,2023-12-11,Photobug,4,1
467,Frangelico,53,Lorem kgdshfgds,44,3290.9,3914.0,70,2022-09-05,Eadel,1,7
468,"Spoon - Soup, Plastic",95,Lorem kgdshfgds,5,5270.5,972.0,35,2022-04-06,Mynte,3,5
469,Cod - Black Whole Fillet,5,Lorem kgdshfgds,72,8889.7,1649.0,90,2022-01-25,Kazio,2,7
470,Five Alive Citrus,87,Lorem kgdshfgds,28,3501.3,3402.0,90,2023-10-08,Photospace,4,5
471,Pepper - Gypsy Pepper,3,Lorem kgdshfgds,74,9762.8,1256.0,74,2022-01-18,Skyba,2,6
472,Wine - Marlbourough Sauv Blanc,90,Lorem kgdshfgds,72,2946.4,4302.0,85,2022-05-14,Zoombeat,3,5
473,"Sparkling Wine - Rose, Freixenet",12,Lorem kgdshfgds,69,2493.7,2684.0,68,2023-12-16,Youspan,2,1
474,Maintenance Removal Charge,85,Lorem kgdshfgds,23,2515.0,1346.0,20,2022-12-18,Kazu,3,9
475,Towel - Roll White,84,Lorem kgdshfgds,90,4786.0,4024.0,34,2023-01-12,Mynte,2,4
476,Shortbread - Cookie Crumbs,58,Lorem kgdshfgds,62,8837.9,1124.0,22,2023-02-02,Oodoo,5,4
477,Chocolate - Feathers,73,Lorem kgdshfgds,52,2349.6,4698.0,28,2022-12-08,Linklinks,2,4
478,"Oil - Truffle, Black",55,Lorem kgdshfgds,11,2168.2,621.0,74,2022-08-25,Yacero,1,10
479,Eggplant - Asian,27,Lorem kgdshfgds,91,5870.3,3790.0,73,2022-06-20,Photojam,4,4
480,Pepper - Sorrano,91,Lorem kgdshfgds,37,7846.9,4138.0,42,2023-07-22,Twitterbridge,4,4
481,Energy Drink - Redbull 355ml,20,Lorem kgdshfgds,51,2889.8,4545.0,51,2023-03-18,Shufflebeat,4,6
482,Water - Green Tea Refresher,27,Lorem kgdshfgds,48,2415.7,3945.0,84,2022-01-10,Voonix,3,5
483,Truffle Cups Green,40,Lorem kgdshfgds,22,8287.2,644.0,24,2023-01-23,Rhynoodle,3,4
484,Beef Tenderloin Aaa,96,Lorem kgdshfgds,20,8503.5,4902.0,35,2023-08-02,Gabtune,3,10
485,Tamarillo,19,Lorem kgdshfgds,99,7034.6,4785.0,11,2022-07-10,Tavu,1,1
486,Chicken - Tenderloin,87,Lorem kgdshfgds,5,2118.2,2890.0,8,2022-12-05,Eadel,5,10
487,Lettuce - California Mix,31,Lorem kgdshfgds,9,5784.1,2447.0,58,2022-04-13,Jaxspan,5,6
488,Versatainer Nc - 888,13,Lorem kgdshfgds,37,1387.8,2794.0,68,2023-07-22,Mynte,5,2
489,Wine - Remy Pannier Rose,5,Lorem kgdshfgds,75,6272.9,539.0,25,2022-05-29,Zoombeat,2,9
490,"Wine - White, Concha Y Toro",59,Lorem kgdshfgds,56,6374.9,640.0,8,2023-01-03,Kazio,4,2
491,Spice - Chili Powder Mexican,33,Lorem kgdshfgds,25,2379.1,4028.0,57,2023-12-15,Oyoba,3,7
492,Wheat - Soft Kernal Of Wheat,82,Lorem kgdshfgds,1,8481.0,2823.0,90,2022-07-24,Flashspan,5,1
493,Sauce - Soy Low Sodium - 3.87l,3,Lorem kgdshfgds,52,7742.7,4700.0,81,2022-09-20,Bluezoom,5,7
494,"Doilies - 5, Paper",96,Lorem kgdshfgds,59,7104.8,1797.0,27,2023-10-01,Jetpulse,5,3
495,Cloves - Whole,7,Lorem kgdshfgds,7,6321.5,4346.0,3,2023-08-25,Blogtags,5,5
496,Yoplait - Strawbrasp Peac,56,Lorem kgdshfgds,77,7516.4,2200.0,64,2022-12-24,Talane,3,3
497,Wine - Montecillo Rioja Crianza,70,Lorem kgdshfgds,24,8395.6,877.0,6,2022-11-17,Kwideo,5,5
498,Chicken - Bones,70,Lorem kgdshfgds,61,8112.5,4380.0,90,2022-08-17,Wikivu,2,4
499,Squid Ink,22,Lorem kgdshfgds,49,6681.2,4791.0,25,2023-11-04,Miboo,1,7
500,Icecream - Dstk Strw Chseck,4,Lorem kgdshfgds,72,2697.1,2139.0,71,2022-03-22,Tanoodle,1,10
501,"Butter - Salted, Micro",81,Lorem kgdshfgds,67,3772.1,3462.0,69,2022-08-27,Skippad,1,1
502,Macaroons - Two Bite Choc,53,Lorem kgdshfgds,37,7380.9,1335.0,58,2022-07-05,Vimbo,2,5
503,Cheese - Parmigiano Reggiano,18,Lorem kgdshfgds,88,8600.4,2563.0,84,2023-05-17,Blogpad,2,1
504,Cheese - Brick With Pepper,79,Lorem kgdshfgds,75,6450.6,1120.0,84,2023-08-29,Gevee,2,4
505,Melon - Cantaloupe,84,Lorem kgdshfgds,42,5973.5,2078.0,34,2023-01-25,Vinder,1,3
506,Coffee - Decaffeinato Coffee,87,Lorem kgdshfgds,29,9098.6,922.0,82,2023-08-22,Dynabox,4,2
507,Strawberries,16,Lorem kgdshfgds,12,5151.0,3849.0,27,2023-12-14,Youfeed,3,5
508,Urban Zen Drinks,28,Lorem kgdshfgds,42,9757.4,2841.0,86,2022-09-19,Thoughtmix,3,2
509,Asparagus - Mexican,16,Lorem kgdshfgds,75,4271.1,4753.0,5,2022-11-04,Dabshots,5,3
510,"Soup - Beef Conomme, Dry",24,Lorem kgdshfgds,83,8982.6,663.0,13,2023-06-27,Brainlounge,5,6
511,"Sauce - Black Current, Dry Mix",16,Lorem kgdshfgds,35,3674.4,4318.0,74,2022-05-12,Thoughtstorm,4,8
512,Shrimp - Black Tiger 16/20,37,Lorem kgdshfgds,95,4034.8,1249.0,99,2023-05-11,Vidoo,5,4
513,Calypso - Lemonade,7,Lorem kgdshfgds,74,1757.7,4716.0,86,2022-03-15,Rhyzio,2,8
514,Pork Ham Prager,33,Lorem kgdshfgds,2,7230.4,4567.0,25,2023-03-30,Photofeed,5,6
515,Beer - Guiness,41,Lorem kgdshfgds,58,4941.2,1551.0,47,2022-08-16,Eabox,2,1
516,Nantucket - 518ml,80,Lorem kgdshfgds,14,6045.6,3623.0,69,2023-12-08,Pixonyx,5,9
517,Dish Towel,66,Lorem kgdshfgds,96,8093.8,3616.0,18,2022-12-17,Jabberstorm,1,2
518,Wine - Chateau Timberlay,76,Lorem kgdshfgds,17,4193.3,2981.0,96,2022-12-26,Youspan,4,5
519,Initation Crab Meat,6,Lorem kgdshfgds,89,6930.3,4818.0,100,2022-02-23,Yambee,5,3
520,Chevere Logs,24,Lorem kgdshfgds,55,4645.4,3313.0,45,2022-08-25,Quinu,1,7
521,Dip - Tapenade,6,Lorem kgdshfgds,19,4442.5,2517.0,50,2022-05-15,Edgetag,5,10
522,Shrimp - Black Tiger 13/15,40,Lorem kgdshfgds,85,9317.0,3409.0,48,2022-10-25,Flashdog,2,2
523,"Pasta - Spaghetti, Dry",39,Lorem kgdshfgds,35,1768.6,1231.0,26,2022-06-02,Flipopia,5,10
524,Grouper - Fresh,89,Lorem kgdshfgds,66,6638.3,507.0,86,2022-08-20,Oyoyo,5,7
525,Spinach - Packaged,34,Lorem kgdshfgds,82,5196.9,564.0,84,2022-09-01,Kazu,3,6
526,"Cheese - Romano, Grated",32,Lorem kgdshfgds,9,7743.6,1655.0,46,2022-12-01,Skiba,1,3
527,"Wine - White, Chardonnay",46,Lorem kgdshfgds,24,2124.9,3530.0,12,2023-06-17,Linkbridge,3,7
528,Tomatoes - Heirloom,77,Lorem kgdshfgds,100,7212.3,1448.0,89,2022-05-20,Cogibox,2,3
529,Tequila - Sauza Silver,54,Lorem kgdshfgds,35,7030.9,4140.0,47,2023-03-07,Aivee,3,7
530,Pork - Caul Fat,5,Lorem kgdshfgds,77,3893.1,2455.0,97,2023-04-02,Voonte,5,8
531,Remy Red,14,Lorem kgdshfgds,70,4818.3,4004.0,46,2023-06-21,Izio,2,2
532,Quail - Jumbo Boneless,58,Lorem kgdshfgds,10,5414.4,4136.0,87,2022-07-05,Ntag,1,3
533,"Beans - Kidney, Canned",69,Lorem kgdshfgds,29,8569.0,1278.0,57,2023-09-30,Realbridge,3,8
534,Veal - Inside,100,Lorem kgdshfgds,37,6634.3,2794.0,67,2022-09-21,Voonyx,4,9
535,Coriander - Ground,25,Lorem kgdshfgds,62,1506.5,1758.0,7,2022-02-27,Photobug,2,5
536,Beef Striploin Aaa,6,Lorem kgdshfgds,76,6792.1,974.0,46,2022-09-05,Youspan,1,4
537,Beer - Upper Canada Light,85,Lorem kgdshfgds,71,9599.7,501.0,12,2023-03-21,Ntag,4,1
538,Salmon Steak - Cohoe 6 Oz,82,Lorem kgdshfgds,58,3325.4,4943.0,40,2022-11-12,Realfire,5,9
539,Ham - Black Forest,12,Lorem kgdshfgds,87,1654.2,1994.0,57,2023-10-14,Thoughtstorm,4,7
540,Bread - Kimel Stick Poly,57,Lorem kgdshfgds,98,7529.5,1819.0,64,2023-05-17,Feedfire,2,5
541,Plate Foam Laminated 9in Blk,2,Lorem kgdshfgds,50,9982.0,3373.0,70,2023-11-19,Eare,5,9
542,Longan,24,Lorem kgdshfgds,75,8562.9,2254.0,80,2023-01-30,Tanoodle,5,3
543,Tea - Jasmin Green,73,Lorem kgdshfgds,73,4466.6,3644.0,69,2022-10-07,Kazio,2,4
544,Cookies Cereal Nut,24,Lorem kgdshfgds,22,2887.2,3870.0,35,2023-06-26,Voonix,2,9
545,Wine - Balbach Riverside,65,Lorem kgdshfgds,11,4033.6,1834.0,93,2022-01-07,Zoozzy,3,5
546,Water - Spring 1.5lit,90,Lorem kgdshfgds,94,7933.1,4300.0,33,2023-09-28,Dynazzy,3,2
547,Halibut - Steaks,55,Lorem kgdshfgds,57,5916.1,4261.0,40,2023-10-19,Kwilith,1,4
548,"Ecolab - Orange Frc, Cleaner",16,Lorem kgdshfgds,46,2374.0,711.0,56,2023-10-12,Mynte,3,5
549,Bagel - Ched Chs Presliced,31,Lorem kgdshfgds,37,1141.8,4345.0,33,2023-11-25,Tazz,2,3
550,Tuna - Bluefin,16,Lorem kgdshfgds,53,8320.6,4775.0,38,2022-07-02,Zoonder,4,6
551,Chives - Fresh,15,Lorem kgdshfgds,88,2475.0,3730.0,30,2022-06-08,Skipfire,2,9
552,Beer - Molson Excel,52,Lorem kgdshfgds,25,8756.9,2827.0,92,2022-09-05,Jamia,3,5
553,Paper Towel Touchless,76,Lorem kgdshfgds,32,2888.7,3472.0,53,2023-08-04,Shufflester,3,3
554,Sherbet - Raspberry,77,Lorem kgdshfgds,2,2659.5,4820.0,35,2023-10-16,Browsecat,5,7
555,Seedlings - Clamshell,75,Lorem kgdshfgds,68,4061.6,1279.0,24,2023-01-07,Oba,5,7
556,Toamtoes 6x7 Select,1,Lorem kgdshfgds,15,9522.1,3368.0,5,2022-01-01,Flashpoint,1,1
557,Onions Granulated,2,Lorem kgdshfgds,77,8306.3,3150.0,52,2022-10-03,Yakitri,3,6
558,Soup - Campbells Chili Veg,14,Lorem kgdshfgds,86,5901.7,3411.0,98,2022-01-08,Linktype,3,6
559,Dome Lid Clear P92008h,68,Lorem kgdshfgds,62,4883.3,4589.0,3,2022-03-20,Buzzbean,2,2
560,Chips Potato Salt Vinegar 43g,10,Lorem kgdshfgds,44,3922.7,3656.0,99,2023-05-03,Blogpad,1,2
561,Dried Cherries,20,Lorem kgdshfgds,89,1109.3,4771.0,14,2022-08-31,Blogpad,2,1
562,Bread Cranberry Foccacia,39,Lorem kgdshfgds,23,2853.4,3787.0,13,2023-08-31,Realcube,1,5
563,Mix - Cappucino Cocktail,23,Lorem kgdshfgds,32,5513.3,743.0,68,2023-11-05,Zoomdog,4,9
564,Lettuce - Frisee,49,Lorem kgdshfgds,95,9260.6,2033.0,30,2023-11-01,Rhyloo,4,5
565,"Cheese - Brie,danish",86,Lorem kgdshfgds,82,5087.8,1483.0,51,2023-02-04,Youtags,5,6
566,"Roe - Lump Fish, Red",31,Lorem kgdshfgds,82,2321.8,3123.0,45,2023-08-06,Edgeify,2,8
567,Lamb - Bones,63,Lorem kgdshfgds,76,3978.1,1214.0,39,2023-09-14,Riffpath,4,10
568,Bread - Rosemary Focaccia,30,Lorem kgdshfgds,74,8380.8,594.0,26,2023-04-12,Jaxbean,5,6
569,Beef - Tenderloin - Aa,59,Lorem kgdshfgds,67,9732.0,2833.0,92,2022-12-04,Wikizz,1,4
570,Turkey Tenderloin Frozen,5,Lorem kgdshfgds,6,6731.9,3345.0,26,2022-06-15,Dablist,1,5
571,White Baguette,74,Lorem kgdshfgds,27,6762.9,1189.0,92,2022-02-25,Meembee,2,9
572,"Fish - Base, Bouillion",58,Lorem kgdshfgds,76,4094.4,856.0,94,2022-05-23,Abatz,1,8
573,Sage - Rubbed,52,Lorem kgdshfgds,84,6984.8,1659.0,100,2023-10-31,Dabjam,2,7
574,Cotton Wet Mop 16 Oz,33,Lorem kgdshfgds,39,7830.3,4023.0,91,2023-12-07,Kwideo,2,8
575,"Oregano - Dry, Rubbed",15,Lorem kgdshfgds,77,4991.0,1146.0,10,2023-01-05,Meejo,2,8
576,"Split Peas - Green, Dry",65,Lorem kgdshfgds,21,6269.3,1089.0,2,2023-03-31,Wikivu,1,8
577,"Artichoke - Bottom, Canned",5,Lorem kgdshfgds,24,6364.2,1861.0,86,2022-07-21,Realcube,4,10
578,Gherkin,30,Lorem kgdshfgds,61,4839.9,2934.0,40,2023-05-24,Geba,1,6
579,"Wine - White, French Cross",5,Lorem kgdshfgds,9,4277.6,1681.0,62,2023-05-15,Babbleset,2,10
580,Plums - Red,29,Lorem kgdshfgds,23,2669.7,4579.0,24,2023-12-16,Brainlounge,1,3
581,Pail For Lid 1537,61,Lorem kgdshfgds,76,2510.3,2533.0,47,2023-09-09,Tagcat,3,3
582,Cardamon Seed / Pod,10,Lorem kgdshfgds,56,5314.3,3385.0,59,2022-02-09,Fadeo,4,5
583,"Tart Shells - Sweet, 3",69,Lorem kgdshfgds,76,1818.4,1800.0,84,2023-03-26,Linkbridge,5,2
584,Spinach - Frozen,63,Lorem kgdshfgds,29,8508.0,1211.0,36,2023-05-13,Zoomlounge,1,5
585,Shrimp - Black Tiger 6 - 8,83,Lorem kgdshfgds,29,2002.1,4037.0,36,2022-02-14,Topiczoom,5,8
586,Towel Multifold,86,Lorem kgdshfgds,83,5888.4,1951.0,16,2022-11-03,Shuffledrive,2,8
587,Beef - Top Sirloin - Aaa,33,Lorem kgdshfgds,18,4990.6,3996.0,28,2023-01-12,Dynava,2,3
588,"Nut - Peanut, Roasted",99,Lorem kgdshfgds,70,5465.8,871.0,35,2023-08-27,Rhyloo,1,10
589,Rabbit - Frozen,19,Lorem kgdshfgds,39,4511.2,2234.0,67,2022-05-09,Ntags,2,10
590,Pork Loin Cutlets,67,Lorem kgdshfgds,30,6579.9,3107.0,13,2022-10-12,Skyba,1,10
591,Soup Campbells Turkey Veg.,11,Lorem kgdshfgds,100,6299.6,4871.0,84,2022-12-20,Jatri,1,9
592,Olive - Spread Tapenade,79,Lorem kgdshfgds,70,6002.6,3665.0,88,2023-04-22,Feedbug,3,6
593,Veal - Heart,61,Lorem kgdshfgds,60,1229.4,2913.0,28,2023-04-03,Leenti,4,1
594,Chips - Miss Vickies,80,Lorem kgdshfgds,94,8857.2,3560.0,70,2022-05-28,Zoomlounge,3,5
595,Steampan Lid,20,Lorem kgdshfgds,75,2634.0,4819.0,89,2022-08-15,Dynava,4,8
596,Straw - Regular,6,Lorem kgdshfgds,41,5624.8,3457.0,62,2023-12-16,Skinix,4,5
597,Bread - Multigrain,8,Lorem kgdshfgds,41,2218.6,577.0,3,2022-09-20,Youbridge,5,5
598,"Red Snapper - Fresh, Whole",29,Lorem kgdshfgds,4,8061.5,4011.0,67,2023-12-28,Kamba,2,1
599,"Liqueur Banana, Ramazzotti",72,Lorem kgdshfgds,36,3145.4,2496.0,98,2023-07-16,Aimbu,1,5
600,"Liqueur Banana, Ramazzotti",3,Lorem kgdshfgds,6,1372.2,4295.0,23,2023-09-23,Ntag,4,9
601,"Syrup - Monin, Amaretta",74,Lorem kgdshfgds,66,9077.9,1514.0,71,2023-05-23,Tagopia,1,10
602,"Roe - Lump Fish, Black",49,Lorem kgdshfgds,78,9048.9,2243.0,44,2022-07-28,Yozio,2,4
603,Berry Brulee,37,Lorem kgdshfgds,85,3763.4,2107.0,98,2022-02-17,Innotype,1,6
604,"Soup - Campbells, Minestrone",76,Lorem kgdshfgds,85,1762.1,1728.0,19,2022-04-22,Twitterwire,3,1
605,Bagel - Whole White Sesame,77,Lorem kgdshfgds,61,9672.9,2509.0,84,2023-04-11,Brightdog,5,3
606,Fruit Salad Deluxe,68,Lorem kgdshfgds,37,5919.0,1162.0,30,2023-06-26,Shuffletag,4,7
607,Creme De Menthe Green,36,Lorem kgdshfgds,70,1152.5,4036.0,76,2023-02-24,Yabox,2,7
608,Steamers White,12,Lorem kgdshfgds,63,4392.3,3883.0,57,2022-09-25,Skyndu,4,3
609,Cookie - Oreo 100x2,17,Lorem kgdshfgds,65,5241.1,1878.0,47,2022-09-08,Gabtype,5,2
610,"Marsala - Sperone, Fine, D.o.c.",31,Lorem kgdshfgds,70,2080.6,4302.0,86,2023-02-23,Yodoo,5,9
611,Water - Green Tea Refresher,56,Lorem kgdshfgds,85,3442.5,1443.0,10,2022-11-28,Jabbersphere,3,6
612,Irish Cream - Butterscotch,86,Lorem kgdshfgds,13,4764.0,826.0,23,2023-05-02,Jetwire,3,10
613,Bols Melon Liqueur,31,Lorem kgdshfgds,68,3305.2,3244.0,26,2022-09-25,Browseblab,3,7
614,Duck - Breast,75,Lorem kgdshfgds,5,3865.6,1379.0,38,2022-09-26,Thoughtbeat,4,5
615,"Oil - Truffle, Black",28,Lorem kgdshfgds,59,1307.2,4576.0,45,2023-02-22,Wikizz,1,5
616,Lamb - Bones,51,Lorem kgdshfgds,77,2034.0,4762.0,20,2023-06-01,Voolith,4,10
617,Carbonated Water - Blackcherry,41,Lorem kgdshfgds,77,8901.4,3870.0,70,2022-03-09,Eare,4,5
618,Lobster - Canned Premium,75,Lorem kgdshfgds,92,6935.9,4132.0,13,2022-10-02,InnoZ,2,9
619,Sauce - Balsamic Viniagrette,16,Lorem kgdshfgds,57,3590.3,4190.0,85,2023-07-22,Tagchat,3,5
620,"Bread - Rolls, Corn",71,Lorem kgdshfgds,74,9735.6,3480.0,24,2022-10-26,Bluezoom,5,2
621,Allspice - Jamaican,15,Lorem kgdshfgds,1,4815.6,4373.0,68,2023-11-12,Topicstorm,3,10
622,Soho Lychee Liqueur,37,Lorem kgdshfgds,51,8513.9,4245.0,7,2023-03-10,Dazzlesphere,3,1
623,Coffee - Irish Cream,92,Lorem kgdshfgds,14,8543.4,656.0,28,2022-09-19,Flashdog,1,10
624,Honey - Lavender,13,Lorem kgdshfgds,41,8462.2,4149.0,69,2023-07-18,Topicstorm,5,4
625,Ostrich - Prime Cut,98,Lorem kgdshfgds,46,1518.3,3508.0,79,2023-05-30,Dabshots,3,10
626,Artichoke - Fresh,56,Lorem kgdshfgds,75,3896.7,550.0,82,2022-04-25,Feedfire,3,1
627,Thyme - Dried,27,Lorem kgdshfgds,65,1527.7,1497.0,53,2022-03-27,Kazio,5,8
628,"Beer - Alexander Kieths, Pale Ale",10,Lorem kgdshfgds,70,2560.7,1896.0,71,2022-03-20,Chatterpoint,5,3
629,Dill Weed - Fresh,57,Lorem kgdshfgds,94,5697.6,3026.0,61,2023-04-12,Yodoo,1,8
630,"Soup - Knorr, French Onion",35,Lorem kgdshfgds,39,6822.6,2763.0,14,2022-05-24,Thoughtstorm,1,4
631,Chinese Foods - Chicken Wing,70,Lorem kgdshfgds,80,8789.5,3680.0,44,2022-02-14,Kwilith,3,4
632,Water - Aquafina Vitamin,24,Lorem kgdshfgds,51,3886.9,975.0,27,2022-10-29,Devcast,2,1
633,"Veal - Inside, Choice",1,Lorem kgdshfgds,86,5133.1,522.0,66,2022-04-15,Midel,4,6
634,Potatoes - Idaho 80 Count,36,Lorem kgdshfgds,58,9415.9,2863.0,50,2022-01-02,Gevee,4,8
635,Spaghetti Squash,15,Lorem kgdshfgds,94,8950.4,3213.0,30,2022-05-01,Geba,4,3
636,Kiwi Gold Zespri,20,Lorem kgdshfgds,73,9026.6,3089.0,64,2022-08-22,Voomm,1,6
637,"Pork - Bacon, Sliced",18,Lorem kgdshfgds,75,4840.2,2719.0,43,2023-09-29,Browseblab,2,8
638,"Jam - Blackberry, 20 Ml Jar",32,Lorem kgdshfgds,3,8496.8,3995.0,59,2023-08-04,Kaymbo,3,8
639,Pepper - Chili Powder,43,Lorem kgdshfgds,17,5391.3,2676.0,46,2022-04-02,Avamba,3,4
640,Wine - Montecillo Rioja Crianza,99,Lorem kgdshfgds,66,9452.8,649.0,91,2023-08-17,Topiczoom,4,5
641,Higashimaru Usukuchi Soy,14,Lorem kgdshfgds,67,5117.4,3512.0,31,2022-01-25,Mynte,1,5
642,Danishes - Mini Raspberry,61,Lorem kgdshfgds,44,9805.6,3014.0,28,2022-08-14,Katz,2,7
643,Wine - Rosso Toscano Igt,87,Lorem kgdshfgds,41,6993.2,4255.0,93,2022-06-04,Dablist,4,3
644,Napkin White - Starched,65,Lorem kgdshfgds,93,3281.4,716.0,86,2023-11-06,Rhybox,4,2
645,Honey - Lavender,16,Lorem kgdshfgds,98,2750.7,1482.0,34,2022-02-13,Realblab,4,3
646,Truffle - Peelings,100,Lorem kgdshfgds,39,6723.4,2621.0,36,2022-05-15,Mybuzz,1,5
647,Flax Seed,42,Lorem kgdshfgds,85,4775.9,2440.0,42,2023-11-01,Oyoyo,4,1
648,Coconut - Whole,98,Lorem kgdshfgds,55,5082.5,2175.0,56,2022-08-12,Skinte,3,1
649,Sun - Dried Tomatoes,91,Lorem kgdshfgds,9,3450.0,1331.0,23,2022-12-30,Voonyx,3,10
650,Chivas Regal - 12 Year Old,82,Lorem kgdshfgds,52,4301.5,798.0,16,2023-10-24,Jabbersphere,5,6
651,"Beef - Kindney, Whole",71,Lorem kgdshfgds,16,5614.3,2842.0,61,2023-09-28,Meemm,1,8
652,Pastry - Lemon Danish - Mini,44,Lorem kgdshfgds,46,3372.2,3126.0,72,2022-05-24,Feedfire,1,6
653,Cafe Royale,85,Lorem kgdshfgds,37,5072.6,3136.0,73,2022-04-12,Agivu,3,9
654,Muffin Mix - Lemon Cranberry,76,Lorem kgdshfgds,89,1900.7,661.0,73,2022-02-27,Avaveo,5,3
655,Sterno - Chafing Dish Fuel,87,Lorem kgdshfgds,78,7634.2,3723.0,23,2022-10-13,Photobug,1,3
656,Onion - Dried,46,Lorem kgdshfgds,72,2539.4,2802.0,12,2022-12-13,Agimba,2,3
657,Piping Jelly - All Colours,45,Lorem kgdshfgds,53,7053.5,2722.0,25,2023-03-03,Yoveo,5,7
658,Fruit Salad Deluxe,35,Lorem kgdshfgds,71,1516.9,2162.0,18,2022-11-20,Ailane,4,9
659,Sauce - Ranch Dressing,87,Lorem kgdshfgds,71,7286.4,2846.0,67,2022-10-21,Devpulse,1,6
660,Cake Sheet Combo Party Pack,39,Lorem kgdshfgds,44,6965.6,3123.0,27,2022-02-19,Bubblemix,4,6
661,"Noodles - Cellophane, Thin",86,Lorem kgdshfgds,46,4310.4,3732.0,29,2022-01-08,Twiyo,3,7
662,Wine - Jafflin Bourgongone,7,Lorem kgdshfgds,38,4403.0,2870.0,34,2022-06-02,Jazzy,4,9
663,Coffee - 10oz Cup 92961,32,Lorem kgdshfgds,73,8741.6,2152.0,54,2022-01-10,Dabfeed,2,5
664,Pie Shell - 9,6,Lorem kgdshfgds,16,4639.0,3792.0,60,2023-08-14,Thoughtworks,5,3
665,Longos - Grilled Chicken With,19,Lorem kgdshfgds,88,5580.6,4408.0,7,2022-03-11,Brainbox,5,10
666,Butter Balls Salted,88,Lorem kgdshfgds,1,1024.7,1965.0,48,2022-11-07,Pixope,1,10
667,Sugar - Individual Portions,10,Lorem kgdshfgds,49,9094.2,2900.0,58,2022-12-27,Voomm,2,5
668,Quail - Jumbo Boneless,36,Lorem kgdshfgds,16,8913.5,4046.0,100,2023-10-15,Kwideo,5,4
669,"Rice Pilaf, Dry,package",49,Lorem kgdshfgds,69,9137.4,2593.0,75,2023-05-21,Thoughtworks,3,10
670,Pasta - Fusili Tri - Coloured,4,Lorem kgdshfgds,27,5257.5,1295.0,20,2023-11-07,Voomm,5,5
671,Artichoke - Fresh,54,Lorem kgdshfgds,72,1371.7,2977.0,4,2022-04-22,Eare,5,8
672,Mace Ground,6,Lorem kgdshfgds,61,1741.5,3739.0,77,2023-09-10,Quaxo,4,1
673,Lady Fingers,36,Lorem kgdshfgds,45,1199.8,3350.0,53,2022-08-14,Jatri,2,8
674,Pepper - Yellow Bell,80,Lorem kgdshfgds,43,6826.3,2793.0,90,2023-04-01,Aibox,3,2
675,Puree - Kiwi,4,Lorem kgdshfgds,35,5952.1,3206.0,4,2023-09-11,Zooveo,4,4
676,Sausage - Breakfast,23,Lorem kgdshfgds,43,5046.7,3524.0,100,2023-06-14,Lazz,3,5
677,Appetizer - Smoked Salmon / Dill,48,Lorem kgdshfgds,49,2742.9,2798.0,82,2023-02-13,Tagchat,1,7
678,Pastry - Baked Cinnamon Stick,55,Lorem kgdshfgds,91,4078.6,2239.0,66,2023-02-27,Voomm,5,5
679,Boogies,69,Lorem kgdshfgds,86,4769.7,4522.0,67,2022-12-04,Oyope,3,3
680,"Pasta - Detalini, White, Fresh",48,Lorem kgdshfgds,55,8774.7,2655.0,8,2022-06-21,Browsedrive,2,3
681,Breadfruit,1,Lorem kgdshfgds,35,1118.7,866.0,66,2022-04-09,Kare,4,2
682,Trueblue - Blueberry Cranberry,16,Lorem kgdshfgds,86,1594.5,4018.0,14,2023-02-25,Realbridge,3,4
683,Wine - Ruffino Chianti Classico,86,Lorem kgdshfgds,91,9486.9,4590.0,67,2022-08-24,Voomm,1,4
684,Island Oasis - Mango Daiquiri,20,Lorem kgdshfgds,69,1914.5,4386.0,64,2022-10-18,Voomm,5,7
685,Asparagus - Mexican,93,Lorem kgdshfgds,89,9202.4,4365.0,19,2022-11-29,Twitterbeat,4,5
686,"Fish - Atlantic Salmon, Cold",59,Lorem kgdshfgds,25,2757.5,4699.0,55,2023-11-19,Camido,2,6
687,Pork - Suckling Pig,38,Lorem kgdshfgds,97,8717.5,2810.0,46,2023-08-21,Skibox,4,5
688,Pork Loin Bine - In Frenched,66,Lorem kgdshfgds,89,1562.3,4990.0,95,2022-08-26,Dynabox,3,3
689,Wine - Gewurztraminer Pierre,78,Lorem kgdshfgds,51,4678.9,3714.0,49,2023-05-24,Rhybox,4,6
690,Sprouts Dikon,8,Lorem kgdshfgds,80,5598.1,3831.0,52,2023-08-23,Eare,5,7
691,Chocolate - Dark,8,Lorem kgdshfgds,42,4821.4,2925.0,31,2022-10-20,Divanoodle,1,4
692,Cookie Dough - Peanut Butter,17,Lorem kgdshfgds,43,9620.1,1296.0,87,2022-12-22,Browsezoom,4,3
693,Soup - Campbellschix Stew,66,Lorem kgdshfgds,79,5579.5,2025.0,89,2022-12-14,Dabshots,5,4
694,Hagen Daza - Dk Choocolate,92,Lorem kgdshfgds,99,2861.4,3684.0,49,2023-11-07,Livetube,4,1
695,Olive - Spread Tapenade,21,Lorem kgdshfgds,77,8732.6,1593.0,13,2022-06-07,Yata,5,10
696,Sprouts - Bean,13,Lorem kgdshfgds,51,6453.5,793.0,50,2022-02-04,Gigabox,4,2
697,Muskox - French Rack,46,Lorem kgdshfgds,18,8734.9,2539.0,34,2022-07-11,Rhybox,3,6
698,Wiberg Cure,38,Lorem kgdshfgds,91,4772.3,2223.0,16,2022-03-22,Rhynyx,5,5
699,Table Cloth 53x69 White,100,Lorem kgdshfgds,61,4045.6,2341.0,78,2022-04-20,Skippad,4,7
700,Blueberries - Frozen,40,Lorem kgdshfgds,89,2197.8,3328.0,44,2022-04-21,Kwinu,4,6
701,Gherkin,91,Lorem kgdshfgds,36,5598.1,2992.0,100,2022-04-19,Edgewire,3,10
702,Pork - Caul Fat,87,Lorem kgdshfgds,76,1454.8,3014.0,57,2023-03-08,Twimm,1,7
703,Cheese - Goat With Herbs,71,Lorem kgdshfgds,94,6483.0,2762.0,98,2023-10-08,Yombu,2,9
704,Bread - White Mini Epi,92,Lorem kgdshfgds,14,8235.2,2030.0,10,2023-08-19,Cogidoo,5,1
705,Chinese Foods - Pepper Beef,45,Lorem kgdshfgds,79,3949.9,3519.0,47,2022-01-28,Meeveo,5,2
706,"Chicken - Wings, Tip Off",94,Lorem kgdshfgds,28,3494.3,3012.0,90,2023-01-01,Fivechat,3,9
707,Cabbage - Savoy,62,Lorem kgdshfgds,99,8600.4,1809.0,78,2022-07-30,Riffwire,5,3
708,Pate - Cognac,49,Lorem kgdshfgds,17,1606.4,3224.0,81,2022-07-17,Eamia,5,6
709,"Asparagus - Green, Fresh",16,Lorem kgdshfgds,47,4037.9,3281.0,37,2022-12-17,Quaxo,5,7
710,Puree - Kiwi,71,Lorem kgdshfgds,73,6996.0,4147.0,54,2023-12-23,Kayveo,1,8
711,Bay Leaf Fresh,80,Lorem kgdshfgds,82,7942.3,2245.0,15,2023-10-25,Yodel,1,9
712,Rice - Sushi,61,Lorem kgdshfgds,10,3736.9,3250.0,18,2023-12-29,Meezzy,5,4
713,Pear - Asian,83,Lorem kgdshfgds,30,2080.3,2535.0,24,2022-09-15,Dabshots,4,1
714,Pepperoni Slices,54,Lorem kgdshfgds,6,1513.8,3143.0,79,2023-06-13,Twimm,5,9
715,Trout Rainbow Whole,46,Lorem kgdshfgds,34,7759.5,4697.0,15,2022-05-13,Katz,2,2
716,Cheese - La Sauvagine,40,Lorem kgdshfgds,21,2831.1,3148.0,41,2022-05-04,Midel,4,3
717,Pepper - Cayenne,66,Lorem kgdshfgds,28,9402.3,1762.0,13,2022-07-07,Jetpulse,1,3
718,Cake - Miini Cheesecake Cherry,10,Lorem kgdshfgds,21,4251.3,890.0,12,2023-01-25,Katz,1,6
719,Wine - Black Tower Qr,28,Lorem kgdshfgds,31,6688.6,4150.0,53,2023-08-11,Ntags,3,3
720,Bread Base - Italian,80,Lorem kgdshfgds,94,3696.7,4255.0,30,2022-05-03,Thoughtmix,5,9
721,Beef Tenderloin Aaa,30,Lorem kgdshfgds,38,6764.1,557.0,13,2023-03-09,Jaxworks,2,9
722,Ice Cream Bar - Oreo Cone,30,Lorem kgdshfgds,58,7196.0,2134.0,99,2023-07-09,Demivee,1,7
723,Creme De Cacao Mcguines,42,Lorem kgdshfgds,28,8820.6,4478.0,33,2022-06-05,Tagchat,2,10
724,"Pasta - Tortellini, Fresh",40,Lorem kgdshfgds,54,5176.2,4994.0,31,2022-06-25,Topicblab,5,3
725,Peppercorns - Pink,100,Lorem kgdshfgds,42,8207.2,1927.0,92,2023-09-21,Thoughtbeat,4,2
726,Bread - Focaccia Quarter,87,Lorem kgdshfgds,34,6541.8,1225.0,72,2022-12-14,Kwinu,5,10
727,"Nut - Cashews, Whole, Raw",98,Lorem kgdshfgds,74,1901.1,3585.0,8,2023-09-01,Skipfire,5,5
728,Muffin - Blueberry Individual,94,Lorem kgdshfgds,19,1705.7,2604.0,49,2023-06-22,Leenti,1,9
729,Jerusalem Artichoke,50,Lorem kgdshfgds,3,5582.4,2934.0,25,2023-06-02,Bubblemix,5,7
730,Passion Fruit,31,Lorem kgdshfgds,47,1870.4,2991.0,67,2023-11-11,Shufflebeat,3,2
731,"Sauce - Soya, Light",65,Lorem kgdshfgds,20,2500.3,505.0,83,2023-02-01,Feedfire,3,9
732,Pepper - Gypsy Pepper,98,Lorem kgdshfgds,18,5434.3,1481.0,43,2023-07-07,Skynoodle,4,10
733,"Quail - Whole, Bone - In",61,Lorem kgdshfgds,76,6458.4,2196.0,22,2022-06-17,Dazzlesphere,1,6
734,"Shrimp - Baby, Warm Water",40,Lorem kgdshfgds,91,2246.5,2063.0,58,2023-09-21,Tekfly,3,2
735,Coffee - Frthy Coffee Crisp,76,Lorem kgdshfgds,97,6973.0,804.0,9,2022-08-01,Realcube,5,3
736,Squid - U 5,92,Lorem kgdshfgds,16,1236.7,4173.0,72,2022-02-13,Tagpad,1,8
737,Zucchini - Green,3,Lorem kgdshfgds,9,1222.7,4878.0,42,2023-11-02,Quamba,3,7
738,Toamtoes 6x7 Select,90,Lorem kgdshfgds,62,3216.8,2304.0,27,2022-12-09,Npath,5,5
739,Juice Peach Nectar,4,Lorem kgdshfgds,48,6423.0,3234.0,67,2022-10-20,Dynabox,5,1
740,Garbag Bags - Black,67,Lorem kgdshfgds,14,5035.5,568.0,48,2022-10-23,Thoughtmix,3,9
741,Galliano,77,Lorem kgdshfgds,44,5152.8,4095.0,53,2022-12-29,Skivee,2,9
742,Pork Loin Cutlets,15,Lorem kgdshfgds,10,4240.1,4441.0,50,2022-12-19,Flashset,4,4
743,"Soup - Knorr, French Onion",67,Lorem kgdshfgds,3,6948.9,3875.0,10,2023-08-10,Brightdog,5,8
744,Chips Potato Reg 43g,16,Lorem kgdshfgds,11,4739.2,1623.0,50,2022-11-16,Photolist,1,4
745,Persimmons,2,Lorem kgdshfgds,84,1522.8,2439.0,24,2022-10-16,Dynava,4,6
746,Icecream Cone - Areo Chocolate,7,Lorem kgdshfgds,15,1555.4,4027.0,11,2022-11-07,Mydeo,3,8
747,Tea - Decaf 1 Cup,12,Lorem kgdshfgds,54,3072.2,2182.0,45,2022-07-09,Lajo,4,2
748,Langers - Ruby Red Grapfruit,20,Lorem kgdshfgds,24,2904.5,1095.0,18,2022-06-20,Gabvine,5,4
749,Turnip - Mini,73,Lorem kgdshfgds,80,3190.4,1892.0,41,2023-02-19,Oodoo,4,4
750,Wine - Toasted Head,59,Lorem kgdshfgds,80,1844.6,1401.0,43,2022-10-31,Dabshots,5,9
751,Water Chestnut - Canned,19,Lorem kgdshfgds,38,2310.9,4263.0,32,2022-06-25,Photobug,3,1
752,Wine - Ruffino Chianti,24,Lorem kgdshfgds,71,1719.3,3907.0,73,2022-03-31,Bubbletube,1,6
753,Relish,71,Lorem kgdshfgds,54,8793.3,1603.0,72,2022-03-16,Roodel,4,4
754,"Seedlings - Buckwheat, Organic",88,Lorem kgdshfgds,11,2378.8,3164.0,19,2022-12-31,Flipbug,2,5
755,Pasta - Ravioli,34,Lorem kgdshfgds,26,5144.6,4009.0,18,2022-05-05,Tagcat,1,9
756,Squash - Guords,13,Lorem kgdshfgds,2,6102.2,4559.0,21,2023-12-30,Kwimbee,2,8
757,Beef - Prime Rib Aaa,57,Lorem kgdshfgds,14,8249.7,3308.0,10,2023-04-10,Thoughtblab,4,5
758,Absolut Citron,6,Lorem kgdshfgds,98,6163.2,1369.0,41,2022-10-05,Tagpad,4,3
759,Garam Marsala,59,Lorem kgdshfgds,96,2301.4,1555.0,10,2023-12-09,InnoZ,2,5
760,"Beans - Long, Chinese",58,Lorem kgdshfgds,55,6645.8,816.0,7,2023-02-21,Rooxo,1,3
761,"Basil - Primerba, Paste",74,Lorem kgdshfgds,45,9961.1,1681.0,92,2022-04-27,Babbleopia,3,10
762,Eggwhite Frozen,48,Lorem kgdshfgds,77,3954.0,3460.0,16,2023-01-17,Skiptube,4,3
763,"Oil - Shortening,liqud, Fry",60,Lorem kgdshfgds,91,1132.5,3162.0,94,2023-11-25,Jatri,4,8
764,Pork - Caul Fat,35,Lorem kgdshfgds,59,2311.7,4563.0,57,2023-12-29,Ntags,4,1
765,Fiddlehead - Frozen,48,Lorem kgdshfgds,34,7421.3,3707.0,96,2023-10-15,Browsedrive,1,6
766,Bulgar,30,Lorem kgdshfgds,44,7905.1,950.0,37,2022-12-15,Gabtype,2,6
767,Chervil - Fresh,26,Lorem kgdshfgds,100,2889.0,2688.0,53,2023-07-19,Fadeo,2,2
768,Eel - Smoked,27,Lorem kgdshfgds,94,2989.1,814.0,67,2022-05-24,Trilia,2,4
769,Kiwi,23,Lorem kgdshfgds,91,2673.3,1456.0,63,2022-01-18,Ailane,5,8
770,Sprouts - Baby Pea Tendrils,54,Lorem kgdshfgds,92,7821.8,2041.0,6,2022-11-08,Trudeo,4,3
771,Bread - Bistro White,91,Lorem kgdshfgds,6,9130.4,4746.0,42,2023-01-17,Mydo,5,1
772,Huck Towels White,88,Lorem kgdshfgds,82,5428.4,4647.0,13,2023-06-10,Topicshots,2,7
773,Lettuce - Lambs Mash,28,Lorem kgdshfgds,15,4792.5,4375.0,10,2023-06-20,Izio,1,3
774,Soupcontfoam16oz 116con,56,Lorem kgdshfgds,37,5519.5,4055.0,42,2023-06-29,Vinte,3,10
775,Sherbet - Raspberry,53,Lorem kgdshfgds,93,7855.0,4645.0,34,2023-09-18,Chatterpoint,5,6
776,Beer - Mcauslan Apricot,14,Lorem kgdshfgds,72,7646.7,3695.0,78,2023-11-14,Youspan,1,7
777,Broom And Broom Rack White,89,Lorem kgdshfgds,44,2631.5,3237.0,77,2023-07-17,Yombu,2,8
778,Coffee - Dark Roast,81,Lorem kgdshfgds,6,6353.0,2757.0,70,2022-05-21,Voolia,5,1
779,Oil - Cooking Spray,3,Lorem kgdshfgds,63,5685.2,4640.0,48,2023-08-24,Meembee,5,7
780,Cheese - Grana Padano,24,Lorem kgdshfgds,43,8704.9,1131.0,33,2023-08-01,Vinder,1,10
781,"Arctic Char - Fresh, Whole",13,Lorem kgdshfgds,41,1777.1,3099.0,92,2022-10-15,Zoomcast,4,7
782,Dill Weed - Fresh,67,Lorem kgdshfgds,72,2949.2,907.0,87,2023-09-11,Plambee,5,4
783,Appetizer - Mango Chevre,92,Lorem kgdshfgds,35,5193.8,859.0,4,2022-07-29,Jaxbean,3,6
784,Wine - Magnotta - Cab Franc,82,Lorem kgdshfgds,67,5657.0,3486.0,33,2023-11-19,Dynava,3,4
785,"Squash - Pattypan, Yellow",54,Lorem kgdshfgds,70,5700.8,3328.0,30,2023-02-19,Kwinu,4,10
786,"Lemonade - Strawberry, 591 Ml",60,Lorem kgdshfgds,40,7159.7,1922.0,12,2023-02-20,Jetpulse,5,7
787,Bread - Flat Bread,75,Lorem kgdshfgds,72,3710.0,2381.0,12,2022-09-30,Jabberbean,2,3
788,Scallops - Live In Shell,39,Lorem kgdshfgds,2,4037.1,3881.0,5,2023-01-15,Jamia,5,10
789,Yeast Dry - Fermipan,17,Lorem kgdshfgds,42,6078.8,3791.0,90,2022-10-27,Ntags,3,1
790,Bulgar,38,Lorem kgdshfgds,53,2997.1,654.0,25,2023-06-21,Lazzy,4,3
791,Bread Base - Italian,82,Lorem kgdshfgds,44,4703.9,2222.0,26,2022-06-09,Edgeify,3,1
792,Onions Granulated,43,Lorem kgdshfgds,27,4372.8,3873.0,5,2022-09-06,Midel,4,4
793,Squash - Acorn,6,Lorem kgdshfgds,93,9947.7,3126.0,41,2023-10-25,InnoZ,4,7
794,Veal - Provimi Inside,73,Lorem kgdshfgds,92,5767.7,4041.0,78,2023-03-23,Quimba,1,7
795,"Jam - Marmalade, Orange",35,Lorem kgdshfgds,84,8804.4,2378.0,13,2023-02-28,Abatz,1,2
796,Wine - Barossa Valley Estate,36,Lorem kgdshfgds,95,3879.7,3085.0,59,2023-03-11,Thoughtmix,2,3
797,Venison - Racks Frenched,75,Lorem kgdshfgds,70,1403.3,1854.0,68,2022-04-04,Myworks,4,1
798,Coffee - French Vanilla Frothy,46,Lorem kgdshfgds,43,6829.8,1419.0,4,2023-07-03,Kwideo,3,4
799,Bread - Focaccia Quarter,41,Lorem kgdshfgds,51,7249.2,4087.0,38,2023-04-01,Viva,3,5
800,Eggs - Extra Large,57,Lorem kgdshfgds,97,7547.2,2064.0,25,2022-10-27,Muxo,3,9
801,Dried Cherries,68,Lorem kgdshfgds,93,3902.0,1359.0,87,2023-01-14,Realcube,4,9
802,Beef - Inside Round,37,Lorem kgdshfgds,53,8095.8,2579.0,24,2022-06-18,Tagtune,5,4
803,Wine - Chardonnay Mondavi,82,Lorem kgdshfgds,9,1041.1,4363.0,42,2023-04-10,Browsedrive,5,10
804,Bag Clear 10 Lb,78,Lorem kgdshfgds,13,1537.4,3525.0,19,2022-10-05,Tagchat,1,8
805,"Soup - Campbells, Minestrone",31,Lorem kgdshfgds,1,8668.2,3167.0,86,2022-10-08,Trudoo,1,8
806,Sugar - Brown,85,Lorem kgdshfgds,74,5969.7,1230.0,2,2023-07-10,Roomm,3,7
807,Onions - Pearl,40,Lorem kgdshfgds,90,8083.5,1404.0,81,2022-07-18,Dabfeed,2,9
808,Garbage Bags - Black,83,Lorem kgdshfgds,25,9942.3,4523.0,37,2022-02-21,Gevee,5,5
809,Bread - Dark Rye,84,Lorem kgdshfgds,36,4301.8,2504.0,99,2022-03-12,Devbug,4,6
810,Mussels - Cultivated,29,Lorem kgdshfgds,7,3353.6,1893.0,6,2023-06-07,Jabbercube,4,6
811,Pastry - Carrot Muffin - Mini,43,Lorem kgdshfgds,65,5953.2,1004.0,43,2022-11-12,Voonder,2,2
812,"Wine - White, Mosel Gold",70,Lorem kgdshfgds,26,8599.0,4524.0,87,2022-02-17,Tekfly,1,5
813,Oil - Shortening - All - Purpose,75,Lorem kgdshfgds,88,5616.8,948.0,55,2023-02-21,Babbleset,3,6
814,Longos - Cheese Tortellini,82,Lorem kgdshfgds,52,9564.3,4094.0,62,2023-12-18,Gigazoom,1,5
815,"Pepsi, 355 Ml",8,Lorem kgdshfgds,3,8674.4,4571.0,58,2023-03-27,Browsezoom,2,2
816,Country Roll,37,Lorem kgdshfgds,9,7732.7,3617.0,54,2023-09-17,Snaptags,1,7
817,Stock - Fish,70,Lorem kgdshfgds,22,5886.1,4419.0,1,2022-06-04,Demizz,2,7
818,"Nut - Pine Nuts, Whole",62,Lorem kgdshfgds,95,7180.1,2831.0,74,2023-08-12,Ailane,4,7
819,Bread - Calabrese Baguette,45,Lorem kgdshfgds,74,5578.1,4249.0,72,2023-04-05,Shuffletag,1,10
820,Wine - Tio Pepe Sherry Fino,20,Lorem kgdshfgds,40,2253.8,1668.0,64,2022-10-28,Quimm,3,6
821,Wine - Black Tower Qr,47,Lorem kgdshfgds,65,9263.8,2665.0,85,2022-11-29,Thoughtblab,3,7
822,Spice - Onion Powder Granulated,67,Lorem kgdshfgds,46,1822.5,4142.0,82,2022-07-09,Dazzlesphere,1,8
823,"Vodka - Hot, Lnferno",46,Lorem kgdshfgds,84,6313.4,2947.0,30,2022-02-26,Feedbug,1,10
824,Container - Clear 32 Oz,13,Lorem kgdshfgds,44,4902.7,3161.0,34,2022-08-07,Bubblemix,2,2
825,Dried Peach,96,Lorem kgdshfgds,15,4009.6,917.0,58,2023-07-16,Meejo,4,2
826,"Soup - Knorr, Chicken Noodle",62,Lorem kgdshfgds,41,3028.4,2564.0,48,2022-09-03,Kazio,2,1
827,Lighter - Bbq,3,Lorem kgdshfgds,1,2255.4,552.0,39,2023-09-20,Katz,3,1
828,Salad Dressing,12,Lorem kgdshfgds,15,1823.2,2876.0,95,2023-07-18,Avamm,2,5
829,Oil - Avocado,46,Lorem kgdshfgds,59,1448.3,1243.0,62,2022-12-24,Flashset,3,2
830,"Coffee - Beans, Whole",57,Lorem kgdshfgds,63,3403.1,2148.0,71,2023-12-25,Bluezoom,1,9
831,Foam Cup 6 Oz,90,Lorem kgdshfgds,39,7810.6,4783.0,36,2023-07-12,Vinder,1,4
832,Pastry - Raisin Muffin - Mini,19,Lorem kgdshfgds,56,9192.5,1370.0,94,2022-02-13,Gabspot,5,5
833,Beef - Ground Medium,22,Lorem kgdshfgds,88,1829.9,3299.0,31,2022-08-21,Fivespan,1,1
834,Capers - Ox Eye Daisy,42,Lorem kgdshfgds,76,1860.1,2478.0,65,2022-07-03,Jabbersphere,4,4
835,Relish,73,Lorem kgdshfgds,99,3445.9,3206.0,100,2023-03-28,Fivechat,4,3
836,Salami - Genova,76,Lorem kgdshfgds,5,2456.1,2669.0,10,2022-07-23,Skyble,1,5
837,Potatoes - Parissienne,24,Lorem kgdshfgds,58,9964.7,2728.0,90,2022-01-08,Oba,4,3
838,Garlic - Peeled,81,Lorem kgdshfgds,68,6373.3,3039.0,86,2022-11-13,Skyba,5,7
839,Vinegar - Tarragon,57,Lorem kgdshfgds,69,7992.0,2743.0,63,2022-12-20,Babblestorm,1,9
840,Lambcasing,50,Lorem kgdshfgds,9,7098.2,3211.0,8,2022-08-24,Tagopia,5,9
841,Tequila Rose Cream Liquor,67,Lorem kgdshfgds,66,7690.3,3485.0,33,2022-12-27,Wikibox,1,1
842,Mushroom - White Button,14,Lorem kgdshfgds,3,2441.6,736.0,73,2022-12-28,Skivee,5,3
843,Tilapia - Fillets,73,Lorem kgdshfgds,80,2412.2,2287.0,58,2022-12-19,Skipfire,4,1
844,Yoplait - Strawbrasp Peac,83,Lorem kgdshfgds,88,7185.7,4204.0,37,2022-07-05,Realcube,2,1
845,Oil - Safflower,7,Lorem kgdshfgds,42,6512.9,2834.0,26,2023-04-03,Geba,4,5
846,Cup - 4oz Translucent,24,Lorem kgdshfgds,19,3222.9,2125.0,21,2022-08-14,Fanoodle,1,6
847,Soup - Cream Of Broccoli,20,Lorem kgdshfgds,64,9987.4,619.0,12,2023-09-07,Meembee,5,9
848,"Juice - Orange, Concentrate",76,Lorem kgdshfgds,83,3045.8,2701.0,90,2023-09-28,Jabbertype,1,7
849,Beef Flat Iron Steak,46,Lorem kgdshfgds,55,7903.0,2775.0,75,2022-07-07,Voonyx,1,6
850,Nutmeg - Ground,58,Lorem kgdshfgds,39,1665.2,1167.0,78,2022-12-10,Devify,4,3
851,Muffin Mix - Raisin Bran,90,Lorem kgdshfgds,36,3209.2,1115.0,58,2023-03-18,Zoozzy,3,2
852,Onions - Red,49,Lorem kgdshfgds,27,5977.3,1363.0,40,2023-03-18,Meeveo,2,9
853,Cup - 4oz Translucent,100,Lorem kgdshfgds,7,6808.6,3192.0,77,2022-05-27,Brainsphere,5,5
854,Longos - Lasagna Beef,65,Lorem kgdshfgds,63,2167.3,4277.0,24,2023-07-14,Feedbug,4,10
855,Cheese - Augre Des Champs,81,Lorem kgdshfgds,85,1358.5,2162.0,95,2023-07-02,Kwilith,2,7
856,"Chilli Paste, Ginger Garlic",41,Lorem kgdshfgds,37,1701.3,4934.0,53,2023-12-04,Yacero,2,9
857,Sea Bass - Whole,17,Lorem kgdshfgds,54,2719.6,3351.0,40,2023-02-14,Skipstorm,1,6
858,"Gingerale - Schweppes, 355 Ml",78,Lorem kgdshfgds,30,4457.4,3495.0,26,2022-08-04,Myworks,5,10
859,Soup - Campbells Beef Strogonoff,92,Lorem kgdshfgds,20,3337.9,2117.0,74,2023-11-15,Photolist,3,4
860,Papayas,88,Lorem kgdshfgds,73,4661.6,4441.0,33,2022-02-22,Meezzy,1,9
861,Cake - French Pear Tart,33,Lorem kgdshfgds,47,2865.0,592.0,71,2023-05-01,Tekfly,1,2
862,Dill Weed - Dry,43,Lorem kgdshfgds,12,7285.4,653.0,78,2022-09-03,Oba,5,9
863,Vinegar - Red Wine,10,Lorem kgdshfgds,37,9600.7,2347.0,66,2023-03-11,Dablist,1,10
864,Pastry - French Mini Assorted,38,Lorem kgdshfgds,98,7087.5,3769.0,21,2023-01-01,Cogidoo,4,7
865,Foam Tray S2,43,Lorem kgdshfgds,31,8185.1,2110.0,97,2022-08-02,Skajo,1,9
866,Limes,94,Lorem kgdshfgds,38,7614.8,3630.0,16,2022-08-22,Kazio,4,1
867,"Stock - Veal, Brown",23,Lorem kgdshfgds,95,8190.2,1189.0,62,2022-02-12,Shuffledrive,2,9
868,Vinegar - Champagne,39,Lorem kgdshfgds,12,9808.6,3975.0,97,2023-08-27,Mybuzz,5,5
869,Pork - Smoked Back Bacon,13,Lorem kgdshfgds,27,3081.9,1044.0,92,2023-08-09,Mudo,1,10
870,"Wine - White, Mosel Gold",11,Lorem kgdshfgds,66,7236.5,2516.0,35,2022-11-26,Rhycero,5,8
871,Breakfast Quesadillas,31,Lorem kgdshfgds,1,9268.7,3165.0,91,2022-12-14,Thoughtsphere,5,1
872,Cheese Cloth No 60,54,Lorem kgdshfgds,39,9280.5,1686.0,16,2023-11-11,Zoomlounge,3,8
873,Appetizer - Assorted Box,83,Lorem kgdshfgds,33,8404.7,4500.0,53,2023-04-19,Dabfeed,3,1
874,Potatoes - Idaho 100 Count,83,Lorem kgdshfgds,35,1959.0,1445.0,19,2022-01-03,Thoughtblab,1,2
875,Veal - Provimi Inside,39,Lorem kgdshfgds,58,9380.6,2289.0,33,2022-05-31,Dabtype,5,3
876,Sobe - Berry Energy,85,Lorem kgdshfgds,79,1412.4,1340.0,9,2023-02-11,Devbug,3,7
877,Vinegar - Tarragon,21,Lorem kgdshfgds,28,6710.2,1042.0,56,2023-11-08,Innotype,2,4
878,Vinegar - Rice,1,Lorem kgdshfgds,8,5233.3,3040.0,14,2023-10-08,Flashpoint,5,4
879,Coffee Decaf Colombian,34,Lorem kgdshfgds,38,9972.9,4912.0,68,2022-05-04,Quimba,4,8
880,Venison - Liver,83,Lorem kgdshfgds,78,7923.9,3293.0,92,2023-09-19,Janyx,2,6
881,Cookie Dough - Double,28,Lorem kgdshfgds,72,6602.4,4052.0,32,2022-02-10,Photospace,5,4
882,"Turkey - Whole, Fresh",2,Lorem kgdshfgds,51,9255.4,2977.0,84,2023-02-24,Avamm,3,7
883,"Carrots - Purple, Organic",43,Lorem kgdshfgds,4,3963.5,897.0,24,2023-01-31,Yodel,5,8
884,Cheese - Colby,64,Lorem kgdshfgds,43,4941.0,670.0,52,2023-03-27,Livefish,5,9
885,Cherries - Fresh,55,Lorem kgdshfgds,65,4710.1,3251.0,29,2023-10-05,Edgewire,1,4
886,Wine - Casablanca Valley,19,Lorem kgdshfgds,26,8412.2,3158.0,51,2023-10-13,Podcat,5,1
887,Lighter - Bbq,17,Lorem kgdshfgds,64,9595.7,3512.0,32,2022-09-18,Browseblab,2,7
888,Parsnip,43,Lorem kgdshfgds,47,8138.1,1251.0,74,2022-11-09,Flashspan,3,2
889,Gooseberry,96,Lorem kgdshfgds,82,5556.5,4956.0,87,2023-07-04,Realbridge,5,3
890,Wine - Pinot Grigio Collavini,63,Lorem kgdshfgds,25,5599.6,1985.0,59,2023-02-06,Feedspan,1,4
891,Ham - Proscuitto,73,Lorem kgdshfgds,39,1109.3,2024.0,47,2023-12-11,Flashdog,3,5
892,Mousse - Banana Chocolate,26,Lorem kgdshfgds,30,2748.3,3046.0,79,2023-04-23,Shuffletag,2,3
893,Beer - Pilsner Urquell,26,Lorem kgdshfgds,68,6736.7,566.0,47,2022-03-07,Nlounge,2,9
894,Glove - Cutting,51,Lorem kgdshfgds,33,1895.0,3634.0,39,2023-05-14,Youopia,1,3
895,Lid - 0090 Clear,57,Lorem kgdshfgds,16,6303.4,1496.0,85,2022-08-20,Photospace,1,6
896,"Nut - Walnut, Pieces",48,Lorem kgdshfgds,33,9107.4,807.0,31,2023-01-04,Oyondu,2,1
897,Container - Hngd Cll Blk 7x7x3,89,Lorem kgdshfgds,4,7490.6,3338.0,91,2022-11-20,Shuffletag,4,3
898,Thermometer Digital,6,Lorem kgdshfgds,59,7186.6,4303.0,90,2022-07-23,Brainlounge,2,5
899,"Pasta - Fusili, Dry",13,Lorem kgdshfgds,39,2794.5,4266.0,59,2022-11-30,Twimm,4,5
900,Sugar - Brown,55,Lorem kgdshfgds,46,1631.3,1012.0,3,2022-08-03,Vipe,1,9
901,Chocolate - Sugar Free Semi Choc,94,Lorem kgdshfgds,67,2015.3,1914.0,78,2023-09-28,Demivee,4,7
902,Squid Ink,42,Lorem kgdshfgds,31,3335.7,2851.0,10,2022-03-02,Zava,2,2
903,Browning Caramel Glace,36,Lorem kgdshfgds,7,6735.6,2963.0,70,2023-01-23,Gigazoom,4,2
904,Muffin - Banana Nut Individual,72,Lorem kgdshfgds,6,7443.9,2533.0,32,2022-01-26,Demizz,2,7
905,Banana,5,Lorem kgdshfgds,33,7049.8,4669.0,84,2022-04-17,Vinder,3,9
906,Squid - Tubes / Tenticles 10/20,9,Lorem kgdshfgds,71,2885.3,2450.0,30,2022-11-12,Talane,3,10
907,Carbonated Water - White Grape,86,Lorem kgdshfgds,81,2385.8,4869.0,84,2022-08-28,Topicshots,3,3
908,Shrimp - 31/40,89,Lorem kgdshfgds,18,1453.2,1849.0,99,2023-12-23,Kaymbo,5,1
909,Tomatoes - Roma,37,Lorem kgdshfgds,32,9041.2,670.0,55,2023-02-28,Dynazzy,4,10
910,Wine - Periguita Fonseca,7,Lorem kgdshfgds,90,5171.8,2515.0,64,2023-08-13,Brainverse,2,5
911,Appetizer - Escargot Puff,64,Lorem kgdshfgds,100,2529.2,4314.0,83,2022-07-01,Cogidoo,4,4
912,Chips Potato Swt Chilli Sour,88,Lorem kgdshfgds,87,7445.1,1891.0,38,2022-06-06,Jetwire,2,9
913,Beer - Upper Canada Lager,30,Lorem kgdshfgds,33,1829.2,3230.0,4,2022-02-26,Oozz,4,8
914,Jack Daniels,92,Lorem kgdshfgds,61,4560.2,4719.0,64,2023-02-08,Plajo,2,9
915,Chinese Foods - Plain Fried Rice,23,Lorem kgdshfgds,68,6330.4,2999.0,86,2023-03-24,Wikivu,2,8
916,Island Oasis - Wildberry,18,Lorem kgdshfgds,50,5642.7,4228.0,79,2022-08-08,Reallinks,5,5
917,Salt - Kosher,41,Lorem kgdshfgds,17,7569.3,2951.0,83,2023-11-12,Demimbu,5,4
918,Soap - Pine Sol Floor Cleaner,76,Lorem kgdshfgds,24,4443.8,4502.0,37,2023-05-21,Abata,5,2
919,Wine - Bouchard La Vignee Pinot,35,Lorem kgdshfgds,60,5653.4,3362.0,100,2023-09-11,Gabvine,2,5
920,"Potatoes - Instant, Mashed",93,Lorem kgdshfgds,63,4692.3,1821.0,31,2022-10-23,Trudeo,5,4
921,Frangelico,67,Lorem kgdshfgds,8,3303.7,804.0,48,2023-03-19,Browsezoom,3,6
922,Onion Powder,32,Lorem kgdshfgds,12,7228.3,4444.0,8,2023-12-26,Flashpoint,2,7
923,Shrimp - 100 / 200 Cold Water,46,Lorem kgdshfgds,71,7003.9,2437.0,25,2022-09-08,Tagtune,3,2
924,Calypso - Strawberry Lemonade,17,Lorem kgdshfgds,34,7677.3,1201.0,50,2023-11-23,Photospace,5,1
925,Tea - Herbal - 6 Asst,63,Lorem kgdshfgds,88,4132.6,1403.0,65,2022-07-28,Devcast,3,4
926,Olives - Morracan Dired,56,Lorem kgdshfgds,100,7627.7,761.0,64,2023-09-13,Eidel,4,2
927,"Lobster - Tail, 3 - 4 Oz",25,Lorem kgdshfgds,72,3493.1,4098.0,8,2022-08-11,Mybuzz,2,9
928,"Soup - Beef, Base Mix",90,Lorem kgdshfgds,25,6381.5,2090.0,48,2022-09-04,Gigashots,1,3
929,Rice - Sushi,84,Lorem kgdshfgds,34,7592.8,2976.0,28,2023-05-08,Skinder,1,8
930,Oyster - In Shell,29,Lorem kgdshfgds,77,4779.0,4393.0,70,2023-12-21,Thoughtbridge,2,8
931,Couscous,59,Lorem kgdshfgds,72,1010.0,697.0,35,2022-03-29,Livefish,2,5
932,Wine - Sake,100,Lorem kgdshfgds,53,4858.7,2519.0,19,2023-11-09,JumpXS,1,4
933,Dasheen,77,Lorem kgdshfgds,12,7215.6,3704.0,15,2023-08-14,Trilia,5,2
934,Campari,40,Lorem kgdshfgds,9,6707.5,3478.0,69,2022-03-07,Twitterbridge,1,6
935,Mikes Hard Lemonade,71,Lorem kgdshfgds,24,7704.3,1615.0,32,2022-06-12,Realmix,3,8
936,The Pop Shoppe - Cream Soda,80,Lorem kgdshfgds,12,1462.9,4775.0,72,2022-11-08,Rooxo,4,6
937,Russian Prince,70,Lorem kgdshfgds,74,2957.5,4616.0,68,2023-05-07,Flashspan,1,10
938,"Wine - Red, Cabernet Sauvignon",27,Lorem kgdshfgds,12,8573.6,4895.0,59,2022-01-29,Realmix,2,5
939,"Turkey - Breast, Bone - In",60,Lorem kgdshfgds,77,3414.1,3832.0,47,2022-07-18,Linkbuzz,3,5
940,"Juice - Orange, 341 Ml",4,Lorem kgdshfgds,30,9478.9,3893.0,90,2023-11-29,Tavu,5,5
941,Sauce - Demi Glace,71,Lorem kgdshfgds,22,1956.6,2526.0,42,2022-06-19,Trilia,2,4
942,"Wine - Red, Colio Cabernet",2,Lorem kgdshfgds,13,5275.8,1680.0,77,2022-06-04,Skynoodle,3,3
943,Beer - Upper Canada Lager,95,Lorem kgdshfgds,10,6483.1,1718.0,3,2023-01-28,Voonyx,5,6
944,"Stock - Veal, Brown",78,Lorem kgdshfgds,24,8546.4,4822.0,24,2023-07-06,Zoonder,1,9
945,Bandage - Fexible 1x3,88,Lorem kgdshfgds,47,7729.7,1415.0,58,2023-11-17,Eazzy,4,7
946,Fruit Mix - Light,58,Lorem kgdshfgds,17,9211.2,704.0,80,2022-08-09,Tagchat,2,6
947,Sprouts - China Rose,29,Lorem kgdshfgds,57,7036.5,1399.0,85,2022-01-18,Gigaclub,2,3
948,Foil Wrap,78,Lorem kgdshfgds,26,6654.0,4688.0,32,2023-05-17,Skyndu,3,10
949,Cookies Cereal Nut,96,Lorem kgdshfgds,91,2712.2,1619.0,44,2022-07-01,Kwinu,1,10
950,Eggroll,44,Lorem kgdshfgds,33,3376.9,4957.0,17,2023-04-30,Cogibox,5,5
951,Veal - Slab Bacon,96,Lorem kgdshfgds,6,4609.6,2388.0,38,2023-08-02,Riffpedia,5,4
952,Pork - Bones,98,Lorem kgdshfgds,85,9045.6,2255.0,33,2022-02-04,Blogtag,4,7
953,Sauce - Hoisin,11,Lorem kgdshfgds,33,8307.0,2012.0,11,2022-10-25,Devify,3,6
954,"Syrup - Monin, Swiss Choclate",29,Lorem kgdshfgds,60,6383.4,4663.0,86,2023-10-17,Wordpedia,5,7
955,Grapes - Green,91,Lorem kgdshfgds,40,4340.1,3013.0,43,2023-05-24,Dynazzy,2,5
956,Buffalo - Short Rib Fresh,99,Lorem kgdshfgds,50,2387.2,1256.0,90,2023-06-12,Zoonoodle,2,1
957,Pheasants - Whole,89,Lorem kgdshfgds,58,8494.8,955.0,40,2022-07-19,Tagpad,5,10
958,Curry Powder Madras,54,Lorem kgdshfgds,82,2806.8,4707.0,37,2022-10-18,Fiveclub,2,2
959,Juice - Ocean Spray Kiwi,2,Lorem kgdshfgds,33,7770.5,1499.0,86,2023-09-11,Latz,1,6
960,Pate - Liver,69,Lorem kgdshfgds,69,6177.0,1508.0,27,2023-01-22,Jabberbean,5,6
961,Wild Boar - Tenderloin,64,Lorem kgdshfgds,50,3064.3,4294.0,70,2023-12-15,Gigazoom,2,3
962,Peas - Frozen,79,Lorem kgdshfgds,46,2106.0,1084.0,43,2023-09-12,Skidoo,1,7
963,Extract Vanilla Pure,98,Lorem kgdshfgds,69,6736.5,2605.0,75,2023-07-23,Zoomcast,3,2
964,"Bread - Rolls, Corn",40,Lorem kgdshfgds,27,5985.9,1484.0,51,2023-04-16,Digitube,3,6
965,Muffin - Banana Nut Individual,77,Lorem kgdshfgds,80,4410.7,3136.0,30,2022-01-24,Babblestorm,4,3
966,Truffle - Peelings,64,Lorem kgdshfgds,12,2702.8,2511.0,27,2022-04-05,Flipbug,2,8
967,Sugar - White Packet,98,Lorem kgdshfgds,21,4241.1,3693.0,38,2022-12-16,Twiyo,5,1
968,"Cup - 6oz, Foam",76,Lorem kgdshfgds,5,7520.5,669.0,65,2023-09-03,Realmix,4,2
969,Chef Hat 25cm,97,Lorem kgdshfgds,21,2629.7,1960.0,32,2023-05-09,Flashdog,5,3
970,Yeast Dry - Fleischman,4,Lorem kgdshfgds,74,6040.4,990.0,43,2023-08-21,Digitube,5,3
971,"Wine - White, Cooking",84,Lorem kgdshfgds,14,5904.0,3900.0,35,2023-01-21,Lazzy,4,9
972,"Wine - Harrow Estates, Vidal",1,Lorem kgdshfgds,33,8886.9,3961.0,29,2023-12-12,Mita,5,10
973,Lettuce - Iceberg,99,Lorem kgdshfgds,9,1082.0,1494.0,31,2023-04-04,Trilia,5,6
974,Onions - Pearl,4,Lorem kgdshfgds,16,2885.2,3261.0,31,2022-03-22,Lajo,2,9
975,Iced Tea Concentrate,79,Lorem kgdshfgds,95,8038.1,2512.0,76,2023-05-18,Flashspan,3,2
976,Soup - Campbells Pasta Fagioli,64,Lorem kgdshfgds,44,8996.4,2332.0,56,2023-08-18,Zava,1,7
977,Bagel - Ched Chs Presliced,36,Lorem kgdshfgds,3,9456.1,2338.0,85,2023-07-07,Trudoo,3,5
978,Raspberries - Frozen,26,Lorem kgdshfgds,63,6961.0,2476.0,3,2022-08-23,Realcube,1,2
979,Eggplant - Regular,93,Lorem kgdshfgds,7,1034.9,1713.0,48,2022-11-26,Einti,1,6
980,Papadam,86,Lorem kgdshfgds,23,5095.9,757.0,49,2022-03-14,Thoughtworks,1,5
981,Lettuce Romaine Chopped,43,Lorem kgdshfgds,79,7568.1,3837.0,2,2022-08-28,Voonder,5,3
982,"Soup - Knorr, Ministrone",87,Lorem kgdshfgds,77,5440.1,2812.0,36,2022-01-16,Tambee,3,8
983,Soup - Verve - Chipotle Chicken,5,Lorem kgdshfgds,66,6376.5,3582.0,45,2023-10-26,Aibox,2,6
984,"Sauce - Bernaise, Mix",78,Lorem kgdshfgds,100,5963.6,1759.0,9,2023-05-27,Youspan,5,2
985,"Sugar - Brown, Individual",76,Lorem kgdshfgds,27,2068.3,4296.0,93,2023-01-13,Youspan,4,3
986,Pepper - Chilli Seeds Mild,48,Lorem kgdshfgds,28,8057.7,1742.0,60,2023-04-28,Brainbox,1,9
987,Cheese - Brie Roitelet,67,Lorem kgdshfgds,56,3552.9,1855.0,95,2023-11-12,Skiba,1,8
988,"Pork - Chop, Frenched",93,Lorem kgdshfgds,72,6347.5,3970.0,90,2023-12-07,Realbuzz,3,6
989,Dc Hikiage Hira Huba,88,Lorem kgdshfgds,86,7796.9,3250.0,28,2023-03-29,Katz,4,4
990,Cheese - Pied De Vents,21,Lorem kgdshfgds,41,2375.0,3283.0,9,2022-03-27,Kazio,2,4
991,Wine - Savigny - Les - Beaune,73,Lorem kgdshfgds,44,9644.1,3009.0,7,2022-05-01,Blogtags,4,1
992,Lid Tray - 12in Dome,18,Lorem kgdshfgds,3,1696.0,1437.0,94,2022-01-22,Snaptags,2,10
993,Wine - Jackson Triggs Okonagan,72,Lorem kgdshfgds,31,5853.1,945.0,44,2022-09-09,Tanoodle,4,4
994,Seedlings - Clamshell,56,Lorem kgdshfgds,59,8218.3,3110.0,46,2022-04-07,Quimm,5,9
995,Wine - Penfolds Koonuga Hill,52,Lorem kgdshfgds,76,3384.5,621.0,81,2023-10-27,Oyope,4,5
996,"Wine - Sherry Dry Sack, William",9,Lorem kgdshfgds,62,7742.7,2749.0,66,2023-10-16,Pixoboo,4,6
997,Sauce - Plum,3,Lorem kgdshfgds,10,9774.7,4365.0,21,2023-05-15,Chatterpoint,2,9
998,Bagel - Sesame Seed Presliced,98,Lorem kgdshfgds,31,1862.5,2483.0,85,2022-11-23,Lazzy,5,5
999,Lamb Rack Frenched Australian,61,Lorem kgdshfgds,54,6836.2,3252.0,34,2023-02-09,Wordtune,2,10
1000,"Oil - Truffle, White",79,Lorem kgdshfgds,72,5860.6,1452.0,98,2022-04-13,Innotype,1,7
